source,category,type,severity,status,domain,year,flags
notice,design,misidentified-materials,critical,official,health,1983,1
notice,design,misidentified-materials,critical,official,health,1986,1
notice,design,misidentified-materials,critical,official,health,1987,1
notice,design,misidentified-materials,critical,official,health,1989,3
notice,design,misidentified-materials,critical,official,health,1990,4
notice,design,misidentified-materials,critical,official,health,1991,4
notice,design,misidentified-materials,critical,official,health,1992,3
notice,design,misidentified-materials,critical,official,health,1993,1
notice,design,misidentified-materials,critical,official,health,1995,2
notice,design,misidentified-materials,critical,official,health,1996,3
notice,design,misidentified-materials,critical,official,health,1997,3
notice,design,misidentified-materials,critical,official,health,1998,1
notice,design,misidentified-materials,critical,official,health,2000,2
notice,design,misidentified-materials,critical,official,health,2002,1
notice,design,misidentified-materials,critical,official,health,2003,2
notice,design,misidentified-materials,critical,official,health,2004,1
notice,design,misidentified-materials,critical,official,health,2006,4
notice,design,misidentified-materials,critical,official,health,2008,2
notice,design,misidentified-materials,critical,official,health,2009,3
notice,design,misidentified-materials,critical,official,health,2010,5
notice,design,misidentified-materials,critical,official,health,2011,2
notice,design,misidentified-materials,critical,official,health,2012,3
notice,design,misidentified-materials,critical,official,health,2013,6
notice,design,misidentified-materials,critical,official,health,2014,4
notice,design,misidentified-materials,critical,official,health,2015,6
notice,design,misidentified-materials,critical,official,health,2016,7
notice,design,misidentified-materials,critical,official,health,2017,5
notice,design,misidentified-materials,critical,official,health,2018,8
notice,design,misidentified-materials,critical,official,health,2019,4
notice,design,misidentified-materials,critical,official,health,2020,7
notice,design,misidentified-materials,critical,official,health,2021,6
notice,design,misidentified-materials,critical,official,health,2022,3
notice,design,misidentified-materials,critical,official,health,2024,2
notice,design,misidentified-materials,critical,official,life,1987,1
notice,design,misidentified-materials,critical,official,life,1989,1
notice,design,misidentified-materials,critical,official,life,1990,1
notice,design,misidentified-materials,critical,official,life,1992,2
notice,design,misidentified-materials,critical,official,life,1995,1
notice,design,misidentified-materials,critical,official,life,1996,1
notice,design,misidentified-materials,critical,official,life,1997,1
notice,design,misidentified-materials,critical,official,life,1998,2
notice,design,misidentified-materials,critical,official,life,2001,2
notice,design,misidentified-materials,critical,official,life,2002,1
notice,design,misidentified-materials,critical,official,life,2004,3
notice,design,misidentified-materials,critical,official,life,2006,2
notice,design,misidentified-materials,critical,official,life,2007,1
notice,design,misidentified-materials,critical,official,life,2008,3
notice,design,misidentified-materials,critical,official,life,2009,4
notice,design,misidentified-materials,critical,official,life,2010,2
notice,design,misidentified-materials,critical,official,life,2011,7
notice,design,misidentified-materials,critical,official,life,2012,3
notice,design,misidentified-materials,critical,official,life,2013,8
notice,design,misidentified-materials,critical,official,life,2014,8
notice,design,misidentified-materials,critical,official,life,2015,9
notice,design,misidentified-materials,critical,official,life,2016,12
notice,design,misidentified-materials,critical,official,life,2017,15
notice,design,misidentified-materials,critical,official,life,2018,17
notice,design,misidentified-materials,critical,official,life,2019,16
notice,design,misidentified-materials,critical,official,life,2020,30
notice,design,misidentified-materials,critical,official,life,2021,17
notice,design,misidentified-materials,critical,official,life,2022,12
notice,design,misidentified-materials,critical,official,life,2023,1
notice,design,misidentified-materials,critical,official,life,2024,7
notice,design,misidentified-materials,critical,official,life,2025,2
notice,design,misidentified-materials,critical,official,physical,1998,1
notice,design,misidentified-materials,critical,official,physical,2001,1
notice,design,misidentified-materials,critical,official,physical,2006,1
notice,design,misidentified-materials,critical,official,physical,2010,1
notice,design,misidentified-materials,critical,official,physical,2014,3
notice,design,misidentified-materials,critical,official,physical,2016,2
notice,design,misidentified-materials,critical,official,physical,2017,1
notice,design,misidentified-materials,critical,official,physical,2018,2
notice,design,misidentified-materials,critical,official,physical,2019,2
notice,design,misidentified-materials,critical,official,physical,2020,4
notice,design,misidentified-materials,critical,official,physical,2021,1
notice,design,misidentified-materials,critical,official,physical,2022,1
notice,design,misidentified-materials,critical,official,physical,2024,1
notice,integrity,compromised-review,major,official,health,2001,2
notice,integrity,compromised-review,major,official,health,2002,2
notice,integrity,compromised-review,major,official,health,2005,2
notice,integrity,compromised-review,major,official,health,2006,2
notice,integrity,compromised-review,major,official,health,2010,19
notice,integrity,compromised-review,major,official,health,2011,10
notice,integrity,compromised-review,major,official,health,2012,11
notice,integrity,compromised-review,major,official,health,2013,67
notice,integrity,compromised-review,major,official,health,2014,152
notice,integrity,compromised-review,major,official,health,2015,110
notice,integrity,compromised-review,major,official,health,2016,15
notice,integrity,compromised-review,major,official,health,2017,11
notice,integrity,compromised-review,major,official,health,2018,39
notice,integrity,compromised-review,major,official,health,2019,60
notice,integrity,compromised-review,major,official,health,2020,188
notice,integrity,compromised-review,major,official,health,2021,594
notice,integrity,compromised-review,major,official,health,2022,1122
notice,integrity,compromised-review,major,official,health,2023,611
notice,integrity,compromised-review,major,official,health,2024,286
notice,integrity,compromised-review,major,official,health,2025,66
notice,integrity,compromised-review,major,official,life,2008,1
notice,integrity,compromised-review,major,official,life,2009,1
notice,integrity,compromised-review,major,official,life,2010,3
notice,integrity,compromised-review,major,official,life,2011,4
notice,integrity,compromised-review,major,official,life,2012,10
notice,integrity,compromised-review,major,official,life,2013,11
notice,integrity,compromised-review,major,official,life,2014,44
notice,integrity,compromised-review,major,official,life,2015,39
notice,integrity,compromised-review,major,official,life,2016,29
notice,integrity,compromised-review,major,official,life,2017,33
notice,integrity,compromised-review,major,official,life,2018,46
notice,integrity,compromised-review,major,official,life,2019,58
notice,integrity,compromised-review,major,official,life,2020,84
notice,integrity,compromised-review,major,official,life,2021,322
notice,integrity,compromised-review,major,official,life,2022,215
notice,integrity,compromised-review,major,official,life,2023,112
notice,integrity,compromised-review,major,official,life,2024,87
notice,integrity,compromised-review,major,official,life,2025,36
notice,integrity,compromised-review,major,official,physical,2009,14
notice,integrity,compromised-review,major,official,physical,2010,11
notice,integrity,compromised-review,major,official,physical,2011,29
notice,integrity,compromised-review,major,official,physical,2012,61
notice,integrity,compromised-review,major,official,physical,2013,23
notice,integrity,compromised-review,major,official,physical,2014,45
notice,integrity,compromised-review,major,official,physical,2015,108
notice,integrity,compromised-review,major,official,physical,2016,53
notice,integrity,compromised-review,major,official,physical,2017,157
notice,integrity,compromised-review,major,official,physical,2018,278
notice,integrity,compromised-review,major,official,physical,2019,378
notice,integrity,compromised-review,major,official,physical,2020,870
notice,integrity,compromised-review,major,official,physical,2021,1939
notice,integrity,compromised-review,major,official,physical,2022,1125
notice,integrity,compromised-review,major,official,physical,2023,1114
notice,integrity,compromised-review,major,official,physical,2024,498
notice,integrity,compromised-review,major,official,physical,2025,84
notice,integrity,compromised-review,major,official,social,2000,1
notice,integrity,compromised-review,major,official,social,2009,1
notice,integrity,compromised-review,major,official,social,2012,13
notice,integrity,compromised-review,major,official,social,2013,3
notice,integrity,compromised-review,major,official,social,2014,1
notice,integrity,compromised-review,major,official,social,2015,6
notice,integrity,compromised-review,major,official,social,2018,6
notice,integrity,compromised-review,major,official,social,2019,10
notice,integrity,compromised-review,major,official,social,2020,39
notice,integrity,compromised-review,major,official,social,2021,268
notice,integrity,compromised-review,major,official,social,2022,61
notice,integrity,compromised-review,major,official,social,2023,48
notice,integrity,compromised-review,major,official,social,2024,19
notice,integrity,compromised-review,major,official,social,2025,9
notice,integrity,copied-results,critical,official,health,1989,1
notice,integrity,copied-results,critical,official,health,1993,1
notice,integrity,copied-results,critical,official,health,1995,1
notice,integrity,copied-results,critical,official,health,1996,2
notice,integrity,copied-results,critical,official,health,1998,1
notice,integrity,copied-results,critical,official,health,2000,1
notice,integrity,copied-results,critical,official,health,2001,1
notice,integrity,copied-results,critical,official,health,2002,3
notice,integrity,copied-results,critical,official,health,2003,2
notice,integrity,copied-results,critical,official,health,2004,3
notice,integrity,copied-results,critical,official,health,2005,5
notice,integrity,copied-results,critical,official,health,2006,4
notice,integrity,copied-results,critical,official,health,2007,3
notice,integrity,copied-results,critical,official,health,2008,7
notice,integrity,copied-results,critical,official,health,2009,7
notice,integrity,copied-results,critical,official,health,2010,10
notice,integrity,copied-results,critical,official,health,2011,16
notice,integrity,copied-results,critical,official,health,2012,14
notice,integrity,copied-results,critical,official,health,2013,22
notice,integrity,copied-results,critical,official,health,2014,27
notice,integrity,copied-results,critical,official,health,2015,51
notice,integrity,copied-results,critical,official,health,2016,50
notice,integrity,copied-results,critical,official,health,2017,81
notice,integrity,copied-results,critical,official,health,2018,74
notice,integrity,copied-results,critical,official,health,2019,88
notice,integrity,copied-results,critical,official,health,2020,62
notice,integrity,copied-results,critical,official,health,2021,44
notice,integrity,copied-results,critical,official,health,2022,29
notice,integrity,copied-results,critical,official,health,2023,19
notice,integrity,copied-results,critical,official,health,2024,11
notice,integrity,copied-results,critical,official,health,2025,6
notice,integrity,copied-results,critical,official,life,1997,1
notice,integrity,copied-results,critical,official,life,1998,1
notice,integrity,copied-results,critical,official,life,1999,1
notice,integrity,copied-results,critical,official,life,2001,1
notice,integrity,copied-results,critical,official,life,2004,2
notice,integrity,copied-results,critical,official,life,2005,7
notice,integrity,copied-results,critical,official,life,2006,2
notice,integrity,copied-results,critical,official,life,2007,2
notice,integrity,copied-results,critical,official,life,2008,5
notice,integrity,copied-results,critical,official,life,2009,6
notice,integrity,copied-results,critical,official,life,2010,12
notice,integrity,copied-results,critical,official,life,2011,2
notice,integrity,copied-results,critical,official,life,2012,9
notice,integrity,copied-results,critical,official,life,2013,9
notice,integrity,copied-results,critical,official,life,2014,16
notice,integrity,copied-results,critical,official,life,2015,24
notice,integrity,copied-results,critical,official,life,2016,35
notice,integrity,copied-results,critical,official,life,2017,58
notice,integrity,copied-results,critical,official,life,2018,61
notice,integrity,copied-results,critical,official,life,2019,55
notice,integrity,copied-results,critical,official,life,2020,73
notice,integrity,copied-results,critical,official,life,2021,38
notice,integrity,copied-results,critical,official,life,2022,12
notice,integrity,copied-results,critical,official,life,2023,13
notice,integrity,copied-results,critical,official,life,2024,6
notice,integrity,copied-results,critical,official,life,2025,4
notice,integrity,copied-results,critical,official,physical,2000,1
notice,integrity,copied-results,critical,official,physical,2002,1
notice,integrity,copied-results,critical,official,physical,2005,4
notice,integrity,copied-results,critical,official,physical,2006,1
notice,integrity,copied-results,critical,official,physical,2007,3
notice,integrity,copied-results,critical,official,physical,2008,4
notice,integrity,copied-results,critical,official,physical,2009,2
notice,integrity,copied-results,critical,official,physical,2010,7
notice,integrity,copied-results,critical,official,physical,2011,11
notice,integrity,copied-results,critical,official,physical,2012,12
notice,integrity,copied-results,critical,official,physical,2013,20
notice,integrity,copied-results,critical,official,physical,2014,17
notice,integrity,copied-results,critical,official,physical,2015,18
notice,integrity,copied-results,critical,official,physical,2016,10
notice,integrity,copied-results,critical,official,physical,2017,15
notice,integrity,copied-results,critical,official,physical,2018,11
notice,integrity,copied-results,critical,official,physical,2019,17
notice,integrity,copied-results,critical,official,physical,2020,19
notice,integrity,copied-results,critical,official,physical,2021,16
notice,integrity,copied-results,critical,official,physical,2022,17
notice,integrity,copied-results,critical,official,physical,2023,18
notice,integrity,copied-results,critical,official,physical,2024,17
notice,integrity,copied-results,critical,official,physical,2025,8
notice,integrity,copied-results,critical,official,social,2003,1
notice,integrity,copied-results,critical,official,social,2008,1
notice,integrity,copied-results,critical,official,social,2009,1
notice,integrity,copied-results,critical,official,social,2010,1
notice,integrity,copied-results,critical,official,social,2014,1
notice,integrity,copied-results,critical,official,social,2015,1
notice,integrity,copied-results,critical,official,social,2016,1
notice,integrity,copied-results,critical,official,social,2017,1
notice,integrity,copied-results,critical,official,social,2018,1
notice,integrity,copied-results,critical,official,social,2019,1
notice,integrity,copied-results,critical,official,social,2020,1
notice,integrity,copied-results,critical,official,social,2023,1
notice,integrity,duplicate-publication,major,official,health,1978,1
notice,integrity,duplicate-publication,major,official,health,1986,1
notice,integrity,duplicate-publication,major,official,health,1992,2
notice,integrity,duplicate-publication,major,official,health,1993,1
notice,integrity,duplicate-publication,major,official,health,1994,1
notice,integrity,duplicate-publication,major,official,health,1995,1
notice,integrity,duplicate-publication,major,official,health,1996,2
notice,integrity,duplicate-publication,major,official,health,1997,5
notice,integrity,duplicate-publication,major,official,health,1998,5
notice,integrity,duplicate-publication,major,official,health,1999,3
notice,integrity,duplicate-publication,major,official,health,2000,6
notice,integrity,duplicate-publication,major,official,health,2001,9
notice,integrity,duplicate-publication,major,official,health,2002,15
notice,integrity,duplicate-publication,major,official,health,2003,16
notice,integrity,duplicate-publication,major,official,health,2004,29
notice,integrity,duplicate-publication,major,official,health,2005,42
notice,integrity,duplicate-publication,major,official,health,2006,49
notice,integrity,duplicate-publication,major,official,health,2007,47
notice,integrity,duplicate-publication,major,official,health,2008,61
notice,integrity,duplicate-publication,major,official,health,2009,68
notice,integrity,duplicate-publication,major,official,health,2010,69
notice,integrity,duplicate-publication,major,official,health,2011,83
notice,integrity,duplicate-publication,major,official,health,2012,82
notice,integrity,duplicate-publication,major,official,health,2013,102
notice,integrity,duplicate-publication,major,official,health,2014,103
notice,integrity,duplicate-publication,major,official,health,2015,155
notice,integrity,duplicate-publication,major,official,health,2016,152
notice,integrity,duplicate-publication,major,official,health,2017,101
notice,integrity,duplicate-publication,major,official,health,2018,101
notice,integrity,duplicate-publication,major,official,health,2019,98
notice,integrity,duplicate-publication,major,official,health,2020,83
notice,integrity,duplicate-publication,major,official,health,2021,73
notice,integrity,duplicate-publication,major,official,health,2022,46
notice,integrity,duplicate-publication,major,official,health,2023,38
notice,integrity,duplicate-publication,major,official,health,2024,30
notice,integrity,duplicate-publication,major,official,health,2025,6
notice,integrity,duplicate-publication,major,official,health,2026,1
notice,integrity,duplicate-publication,major,official,life,1979,1
notice,integrity,duplicate-publication,major,official,life,1984,1
notice,integrity,duplicate-publication,major,official,life,1985,1
notice,integrity,duplicate-publication,major,official,life,1994,2
notice,integrity,duplicate-publication,major,official,life,1997,3
notice,integrity,duplicate-publication,major,official,life,1998,1
notice,integrity,duplicate-publication,major,official,life,1999,2
notice,integrity,duplicate-publication,major,official,life,2000,6
notice,integrity,duplicate-publication,major,official,life,2001,8
notice,integrity,duplicate-publication,major,official,life,2002,10
notice,integrity,duplicate-publication,major,official,life,2003,7
notice,integrity,duplicate-publication,major,official,life,2004,14
notice,integrity,duplicate-publication,major,official,life,2005,21
notice,integrity,duplicate-publication,major,official,life,2006,24
notice,integrity,duplicate-publication,major,official,life,2007,22
notice,integrity,duplicate-publication,major,official,life,2008,22
notice,integrity,duplicate-publication,major,official,life,2009,36
notice,integrity,duplicate-publication,major,official,life,2010,25
notice,integrity,duplicate-publication,major,official,life,2011,32
notice,integrity,duplicate-publication,major,official,life,2012,48
notice,integrity,duplicate-publication,major,official,life,2013,44
notice,integrity,duplicate-publication,major,official,life,2014,31
notice,integrity,duplicate-publication,major,official,life,2015,84
notice,integrity,duplicate-publication,major,official,life,2016,60
notice,integrity,duplicate-publication,major,official,life,2017,60
notice,integrity,duplicate-publication,major,official,life,2018,76
notice,integrity,duplicate-publication,major,official,life,2019,96
notice,integrity,duplicate-publication,major,official,life,2020,49
notice,integrity,duplicate-publication,major,official,life,2021,34
notice,integrity,duplicate-publication,major,official,life,2022,16
notice,integrity,duplicate-publication,major,official,life,2023,12
notice,integrity,duplicate-publication,major,official,life,2024,9
notice,integrity,duplicate-publication,major,official,life,2025,1
notice,integrity,duplicate-publication,major,official,physical,1991,1
notice,integrity,duplicate-publication,major,official,physical,1993,1
notice,integrity,duplicate-publication,major,official,physical,1996,2
notice,integrity,duplicate-publication,major,official,physical,1997,1
notice,integrity,duplicate-publication,major,official,physical,1998,2
notice,integrity,duplicate-publication,major,official,physical,1999,3
notice,integrity,duplicate-publication,major,official,physical,2000,10
notice,integrity,duplicate-publication,major,official,physical,2001,6
notice,integrity,duplicate-publication,major,official,physical,2002,11
notice,integrity,duplicate-publication,major,official,physical,2003,14
notice,integrity,duplicate-publication,major,official,physical,2004,14
notice,integrity,duplicate-publication,major,official,physical,2005,24
notice,integrity,duplicate-publication,major,official,physical,2006,29
notice,integrity,duplicate-publication,major,official,physical,2007,35
notice,integrity,duplicate-publication,major,official,physical,2008,27
notice,integrity,duplicate-publication,major,official,physical,2009,59
notice,integrity,duplicate-publication,major,official,physical,2010,54
notice,integrity,duplicate-publication,major,official,physical,2011,127
notice,integrity,duplicate-publication,major,official,physical,2012,111
notice,integrity,duplicate-publication,major,official,physical,2013,71
notice,integrity,duplicate-publication,major,official,physical,2014,87
notice,integrity,duplicate-publication,major,official,physical,2015,151
notice,integrity,duplicate-publication,major,official,physical,2016,116
notice,integrity,duplicate-publication,major,official,physical,2017,74
notice,integrity,duplicate-publication,major,official,physical,2018,86
notice,integrity,duplicate-publication,major,official,physical,2019,77
notice,integrity,duplicate-publication,major,official,physical,2020,94
notice,integrity,duplicate-publication,major,official,physical,2021,65
notice,integrity,duplicate-publication,major,official,physical,2022,39
notice,integrity,duplicate-publication,major,official,physical,2023,35
notice,integrity,duplicate-publication,major,official,physical,2024,37
notice,integrity,duplicate-publication,major,official,physical,2025,16
notice,integrity,duplicate-publication,major,official,physical,2026,1
notice,integrity,duplicate-publication,major,official,social,1998,1
notice,integrity,duplicate-publication,major,official,social,2001,1
notice,integrity,duplicate-publication,major,official,social,2004,3
notice,integrity,duplicate-publication,major,official,social,2007,5
notice,integrity,duplicate-publication,major,official,social,2008,7
notice,integrity,duplicate-publication,major,official,social,2009,3
notice,integrity,duplicate-publication,major,official,social,2010,16
notice,integrity,duplicate-publication,major,official,social,2011,14
notice,integrity,duplicate-publication,major,official,social,2012,13
notice,integrity,duplicate-publication,major,official,social,2013,8
notice,integrity,duplicate-publication,major,official,social,2014,8
notice,integrity,duplicate-publication,major,official,social,2015,251
notice,integrity,duplicate-publication,major,official,social,2016,158
notice,integrity,duplicate-publication,major,official,social,2017,35
notice,integrity,duplicate-publication,major,official,social,2018,34
notice,integrity,duplicate-publication,major,official,social,2019,32
notice,integrity,duplicate-publication,major,official,social,2020,33
notice,integrity,duplicate-publication,major,official,social,2021,8
notice,integrity,duplicate-publication,major,official,social,2023,2
notice,integrity,duplicate-publication,major,official,social,2024,4
notice,integrity,duplicate-publication,major,official,social,2025,1
notice,integrity,fabrication,critical,official,health,1923,1
notice,integrity,fabrication,critical,official,health,1974,1
notice,integrity,fabrication,critical,official,health,1975,1
notice,integrity,fabrication,critical,official,health,1976,1
notice,integrity,fabrication,critical,official,health,1978,1
notice,integrity,fabrication,critical,official,health,1979,4
notice,integrity,fabrication,critical,official,health,1980,4
notice,integrity,fabrication,critical,official,health,1981,3
notice,integrity,fabrication,critical,official,health,1982,2
notice,integrity,fabrication,critical,official,health,1983,4
notice,integrity,fabrication,critical,official,health,1984,2
notice,integrity,fabrication,critical,official,health,1985,3
notice,integrity,fabrication,critical,official,health,1988,1
notice,integrity,fabrication,critical,official,health,1989,8
notice,integrity,fabrication,critical,official,health,1990,10
notice,integrity,fabrication,critical,official,health,1991,5
notice,integrity,fabrication,critical,official,health,1992,3
notice,integrity,fabrication,critical,official,health,1993,9
notice,integrity,fabrication,critical,official,health,1994,12
notice,integrity,fabrication,critical,official,health,1995,17
notice,integrity,fabrication,critical,official,health,1996,16
notice,integrity,fabrication,critical,official,health,1997,19
notice,integrity,fabrication,critical,official,health,1998,33
notice,integrity,fabrication,critical,official,health,1999,36
notice,integrity,fabrication,critical,official,health,2000,22
notice,integrity,fabrication,critical,official,health,2001,24
notice,integrity,fabrication,critical,official,health,2002,21
notice,integrity,fabrication,critical,official,health,2003,25
notice,integrity,fabrication,critical,official,health,2004,22
notice,integrity,fabrication,critical,official,health,2005,29
notice,integrity,fabrication,critical,official,health,2006,36
notice,integrity,fabrication,critical,official,health,2007,29
notice,integrity,fabrication,critical,official,health,2008,31
notice,integrity,fabrication,critical,official,health,2009,23
notice,integrity,fabrication,critical,official,health,2010,28
notice,integrity,fabrication,critical,official,health,2011,35
notice,integrity,fabrication,critical,official,health,2012,31
notice,integrity,fabrication,critical,official,health,2013,34
notice,integrity,fabrication,critical,official,health,2014,23
notice,integrity,fabrication,critical,official,health,2015,17
notice,integrity,fabrication,critical,official,health,2016,37
notice,integrity,fabrication,critical,official,health,2017,46
notice,integrity,fabrication,critical,official,health,2018,46
notice,integrity,fabrication,critical,official,health,2019,26
notice,integrity,fabrication,critical,official,health,2020,7
notice,integrity,fabrication,critical,official,health,2021,4
notice,integrity,fabrication,critical,official,health,2022,7
notice,integrity,fabrication,critical,official,health,2023,1
notice,integrity,fabrication,critical,official,health,2024,4
notice,integrity,fabrication,critical,official,health,2025,2
notice,integrity,fabrication,critical,official,life,1975,1
notice,integrity,fabrication,critical,official,life,1976,1
notice,integrity,fabrication,critical,official,life,1983,1
notice,integrity,fabrication,critical,official,life,1985,1
notice,integrity,fabrication,critical,official,life,1988,1
notice,integrity,fabrication,critical,official,life,1989,3
notice,integrity,fabrication,critical,official,life,1990,1
notice,integrity,fabrication,critical,official,life,1991,3
notice,integrity,fabrication,critical,official,life,1992,5
notice,integrity,fabrication,critical,official,life,1993,1
notice,integrity,fabrication,critical,official,life,1994,2
notice,integrity,fabrication,critical,official,life,1995,3
notice,integrity,fabrication,critical,official,life,1996,3
notice,integrity,fabrication,critical,official,life,1997,2
notice,integrity,fabrication,critical,official,life,1998,2
notice,integrity,fabrication,critical,official,life,1999,5
notice,integrity,fabrication,critical,official,life,2000,9
notice,integrity,fabrication,critical,official,life,2001,7
notice,integrity,fabrication,critical,official,life,2002,13
notice,integrity,fabrication,critical,official,life,2003,14
notice,integrity,fabrication,critical,official,life,2004,10
notice,integrity,fabrication,critical,official,life,2005,21
notice,integrity,fabrication,critical,official,life,2006,13
notice,integrity,fabrication,critical,official,life,2007,19
notice,integrity,fabrication,critical,official,life,2008,13
notice,integrity,fabrication,critical,official,life,2009,17
notice,integrity,fabrication,critical,official,life,2010,29
notice,integrity,fabrication,critical,official,life,2011,29
notice,integrity,fabrication,critical,official,life,2012,40
notice,integrity,fabrication,critical,official,life,2013,24
notice,integrity,fabrication,critical,official,life,2014,16
notice,integrity,fabrication,critical,official,life,2015,27
notice,integrity,fabrication,critical,official,life,2016,24
notice,integrity,fabrication,critical,official,life,2017,25
notice,integrity,fabrication,critical,official,life,2018,32
notice,integrity,fabrication,critical,official,life,2019,25
notice,integrity,fabrication,critical,official,life,2020,25
notice,integrity,fabrication,critical,official,life,2021,38
notice,integrity,fabrication,critical,official,life,2022,9
notice,integrity,fabrication,critical,official,life,2023,2
notice,integrity,fabrication,critical,official,life,2024,1
notice,integrity,fabrication,critical,official,life,2025,1
notice,integrity,fabrication,critical,official,physical,1967,1
notice,integrity,fabrication,critical,official,physical,1993,1
notice,integrity,fabrication,critical,official,physical,2000,3
notice,integrity,fabrication,critical,official,physical,2001,6
notice,integrity,fabrication,critical,official,physical,2002,4
notice,integrity,fabrication,critical,official,physical,2003,2
notice,integrity,fabrication,critical,official,physical,2004,11
notice,integrity,fabrication,critical,official,physical,2005,16
notice,integrity,fabrication,critical,official,physical,2006,21
notice,integrity,fabrication,critical,official,physical,2007,119
notice,integrity,fabrication,critical,official,physical,2008,21
notice,integrity,fabrication,critical,official,physical,2009,14
notice,integrity,fabrication,critical,official,physical,2010,7
notice,integrity,fabrication,critical,official,physical,2011,8
notice,integrity,fabrication,critical,official,physical,2012,14
notice,integrity,fabrication,critical,official,physical,2013,4
notice,integrity,fabrication,critical,official,physical,2014,2
notice,integrity,fabrication,critical,official,physical,2015,7
notice,integrity,fabrication,critical,official,physical,2016,6
notice,integrity,fabrication,critical,official,physical,2017,12
notice,integrity,fabrication,critical,official,physical,2018,7
notice,integrity,fabrication,critical,official,physical,2019,9
notice,integrity,fabrication,critical,official,physical,2020,1
notice,integrity,fabrication,critical,official,physical,2021,2
notice,integrity,fabrication,critical,official,physical,2022,3
notice,integrity,fabrication,critical,official,physical,2024,1
notice,integrity,fabrication,critical,official,physical,2025,2
notice,integrity,fabrication,critical,official,social,1978,1
notice,integrity,fabrication,critical,official,social,1988,1
notice,integrity,fabrication,critical,official,social,1990,1
notice,integrity,fabrication,critical,official,social,1992,2
notice,integrity,fabrication,critical,official,social,1996,4
notice,integrity,fabrication,critical,official,social,1997,1
notice,integrity,fabrication,critical,official,social,1998,1
notice,integrity,fabrication,critical,official,social,1999,2
notice,integrity,fabrication,critical,official,social,2000,4
notice,integrity,fabrication,critical,official,social,2001,1
notice,integrity,fabrication,critical,official,social,2002,6
notice,integrity,fabrication,critical,official,social,2003,1
notice,integrity,fabrication,critical,official,social,2004,3
notice,integrity,fabrication,critical,official,social,2005,5
notice,integrity,fabrication,critical,official,social,2006,10
notice,integrity,fabrication,critical,official,social,2007,6
notice,integrity,fabrication,critical,official,social,2008,11
notice,integrity,fabrication,critical,official,social,2009,5
notice,integrity,fabrication,critical,official,social,2010,18
notice,integrity,fabrication,critical,official,social,2011,10
notice,integrity,fabrication,critical,official,social,2012,3
notice,integrity,fabrication,critical,official,social,2013,1
notice,integrity,fabrication,critical,official,social,2014,4
notice,integrity,fabrication,critical,official,social,2015,4
notice,integrity,fabrication,critical,official,social,2016,2
notice,integrity,fabrication,critical,official,social,2017,2
notice,integrity,fabrication,critical,official,social,2018,3
notice,integrity,fabrication,critical,official,social,2020,1
notice,integrity,fabrication,critical,official,social,2021,1
notice,integrity,fabrication,critical,official,social,2022,1
notice,integrity,fabrication,critical,official,social,2023,1
notice,integrity,fabrication,critical,official,social,2024,1
notice,integrity,falsification,critical,official,health,1990,2
notice,integrity,falsification,critical,official,health,1991,1
notice,integrity,falsification,critical,official,health,1995,1
notice,integrity,falsification,critical,official,health,1996,1
notice,integrity,falsification,critical,official,health,1997,1
notice,integrity,falsification,critical,official,health,1998,1
notice,integrity,falsification,critical,official,health,1999,1
notice,integrity,falsification,critical,official,health,2001,4
notice,integrity,falsification,critical,official,health,2004,2
notice,integrity,falsification,critical,official,health,2005,1
notice,integrity,falsification,critical,official,health,2006,1
notice,integrity,falsification,critical,official,health,2008,1
notice,integrity,falsification,critical,official,health,2010,1
notice,integrity,falsification,critical,official,health,2014,1
notice,integrity,falsification,critical,official,health,2015,1
notice,integrity,falsification,critical,official,health,2016,2
notice,integrity,falsification,critical,official,health,2017,2
notice,integrity,falsification,critical,official,health,2018,2
notice,integrity,falsification,critical,official,health,2019,1
notice,integrity,falsification,critical,official,health,2020,2
notice,integrity,falsification,critical,official,health,2021,4
notice,integrity,falsification,critical,official,health,2023,2
notice,integrity,falsification,critical,official,life,2002,1
notice,integrity,falsification,critical,official,life,2007,1
notice,integrity,falsification,critical,official,life,2009,2
notice,integrity,falsification,critical,official,life,2011,1
notice,integrity,falsification,critical,official,life,2012,2
notice,integrity,falsification,critical,official,life,2013,1
notice,integrity,falsification,critical,official,life,2014,1
notice,integrity,falsification,critical,official,life,2015,1
notice,integrity,falsification,critical,official,life,2016,3
notice,integrity,falsification,critical,official,life,2017,2
notice,integrity,falsification,critical,official,life,2021,1
notice,integrity,falsification,critical,official,life,2022,1
notice,integrity,falsification,critical,official,life,2023,1
notice,integrity,falsification,critical,official,physical,2017,1
notice,integrity,falsification,critical,official,physical,2019,1
notice,integrity,falsification,critical,official,physical,2021,1
notice,integrity,falsification,critical,official,physical,2022,2
notice,integrity,falsification,critical,official,physical,2023,5
notice,integrity,falsification,critical,official,physical,2024,2
notice,integrity,falsification,critical,official,social,2012,1
notice,integrity,falsification,critical,official,social,2014,1
notice,integrity,falsification,critical,official,social,2016,1
notice,integrity,falsification,critical,official,social,2019,1
notice,integrity,falsification,critical,official,social,2021,1
notice,integrity,falsification,critical,official,social,2024,1
notice,integrity,generated-content,critical,official,health,1923,1
notice,integrity,generated-content,critical,official,health,2014,2
notice,integrity,generated-content,critical,official,health,2015,2
notice,integrity,generated-content,critical,official,health,2017,2
notice,integrity,generated-content,critical,official,health,2018,3
notice,integrity,generated-content,critical,official,health,2019,23
notice,integrity,generated-content,critical,official,health,2020,100
notice,integrity,generated-content,critical,official,health,2021,697
notice,integrity,generated-content,critical,official,health,2022,1971
notice,integrity,generated-content,critical,official,health,2023,116
notice,integrity,generated-content,critical,official,health,2024,189
notice,integrity,generated-content,critical,official,health,2025,18
notice,integrity,generated-content,critical,official,health,2026,3
notice,integrity,generated-content,critical,official,life,2009,1
notice,integrity,generated-content,critical,official,life,2016,1
notice,integrity,generated-content,critical,official,life,2017,1
notice,integrity,generated-content,critical,official,life,2018,1
notice,integrity,generated-content,critical,official,life,2019,10
notice,integrity,generated-content,critical,official,life,2020,17
notice,integrity,generated-content,critical,official,life,2021,127
notice,integrity,generated-content,critical,official,life,2022,233
notice,integrity,generated-content,critical,official,life,2023,29
notice,integrity,generated-content,critical,official,life,2024,23
notice,integrity,generated-content,critical,official,life,2025,3
notice,integrity,generated-content,critical,official,physical,2009,16
notice,integrity,generated-content,critical,official,physical,2010,10
notice,integrity,generated-content,critical,official,physical,2011,16
notice,integrity,generated-content,critical,official,physical,2012,19
notice,integrity,generated-content,critical,official,physical,2013,22
notice,integrity,generated-content,critical,official,physical,2014,41
notice,integrity,generated-content,critical,official,physical,2015,21
notice,integrity,generated-content,critical,official,physical,2016,21
notice,integrity,generated-content,critical,official,physical,2017,47
notice,integrity,generated-content,critical,official,physical,2018,58
notice,integrity,generated-content,critical,official,physical,2019,136
notice,integrity,generated-content,critical,official,physical,2020,198
notice,integrity,generated-content,critical,official,physical,2021,1366
notice,integrity,generated-content,critical,official,physical,2022,2872
notice,integrity,generated-content,critical,official,physical,2023,431
notice,integrity,generated-content,critical,official,physical,2024,202
notice,integrity,generated-content,critical,official,physical,2025,25
notice,integrity,generated-content,critical,official,physical,2026,2
notice,integrity,generated-content,critical,official,social,2009,1
notice,integrity,generated-content,critical,official,social,2016,1
notice,integrity,generated-content,critical,official,social,2017,1
notice,integrity,generated-content,critical,official,social,2018,4
notice,integrity,generated-content,critical,official,social,2019,1
notice,integrity,generated-content,critical,official,social,2020,6
notice,integrity,generated-content,critical,official,social,2021,71
notice,integrity,generated-content,critical,official,social,2022,177
notice,integrity,generated-content,critical,official,social,2023,4
notice,integrity,generated-content,critical,official,social,2024,5
notice,integrity,generated-content,critical,official,social,2025,2
notice,integrity,generated-content,critical,official,social,2026,1
notice,integrity,image-manipulation,critical,official,health,1978,1
notice,integrity,image-manipulation,critical,official,health,1989,2
notice,integrity,image-manipulation,critical,official,health,1990,3
notice,integrity,image-manipulation,critical,official,health,1995,2
notice,integrity,image-manipulation,critical,official,health,1997,1
notice,integrity,image-manipulation,critical,official,health,1998,4
notice,integrity,image-manipulation,critical,official,health,1999,5
notice,integrity,image-manipulation,critical,official,health,2000,8
notice,integrity,image-manipulation,critical,official,health,2001,13
notice,integrity,image-manipulation,critical,official,health,2002,20
notice,integrity,image-manipulation,critical,official,health,2003,17
notice,integrity,image-manipulation,critical,official,health,2004,35
notice,integrity,image-manipulation,critical,official,health,2005,42
notice,integrity,image-manipulation,critical,official,health,2006,44
notice,integrity,image-manipulation,critical,official,health,2007,49
notice,integrity,image-manipulation,critical,official,health,2008,56
notice,integrity,image-manipulation,critical,official,health,2009,44
notice,integrity,image-manipulation,critical,official,health,2010,62
notice,integrity,image-manipulation,critical,official,health,2011,80
notice,integrity,image-manipulation,critical,official,health,2012,74
notice,integrity,image-manipulation,critical,official,health,2013,120
notice,integrity,image-manipulation,critical,official,health,2014,119
notice,integrity,image-manipulation,critical,official,health,2015,104
notice,integrity,image-manipulation,critical,official,health,2016,93
notice,integrity,image-manipulation,critical,official,health,2017,120
notice,integrity,image-manipulation,critical,official,health,2018,122
notice,integrity,image-manipulation,critical,official,health,2019,142
notice,integrity,image-manipulation,critical,official,health,2020,133
notice,integrity,image-manipulation,critical,official,health,2021,93
notice,integrity,image-manipulation,critical,official,health,2022,68
notice,integrity,image-manipulation,critical,official,health,2023,86
notice,integrity,image-manipulation,critical,official,health,2024,48
notice,integrity,image-manipulation,critical,official,health,2025,16
notice,integrity,image-manipulation,critical,official,life,1985,1
notice,integrity,image-manipulation,critical,official,life,1987,1
notice,integrity,image-manipulation,critical,official,life,1989,1
notice,integrity,image-manipulation,critical,official,life,1993,1
notice,integrity,image-manipulation,critical,official,life,1994,2
notice,integrity,image-manipulation,critical,official,life,1995,1
notice,integrity,image-manipulation,critical,official,life,1996,1
notice,integrity,image-manipulation,critical,official,life,1997,2
notice,integrity,image-manipulation,critical,official,life,1998,8
notice,integrity,image-manipulation,critical,official,life,1999,5
notice,integrity,image-manipulation,critical,official,life,2000,16
notice,integrity,image-manipulation,critical,official,life,2001,31
notice,integrity,image-manipulation,critical,official,life,2002,37
notice,integrity,image-manipulation,critical,official,life,2003,39
notice,integrity,image-manipulation,critical,official,life,2004,52
notice,integrity,image-manipulation,critical,official,life,2005,52
notice,integrity,image-manipulation,critical,official,life,2006,71
notice,integrity,image-manipulation,critical,official,life,2007,70
notice,integrity,image-manipulation,critical,official,life,2008,70
notice,integrity,image-manipulation,critical,official,life,2009,81
notice,integrity,image-manipulation,critical,official,life,2010,118
notice,integrity,image-manipulation,critical,official,life,2011,140
notice,integrity,image-manipulation,critical,official,life,2012,112
notice,integrity,image-manipulation,critical,official,life,2013,179
notice,integrity,image-manipulation,critical,official,life,2014,201
notice,integrity,image-manipulation,critical,official,life,2015,229
notice,integrity,image-manipulation,critical,official,life,2016,233
notice,integrity,image-manipulation,critical,official,life,2017,396
notice,integrity,image-manipulation,critical,official,life,2018,445
notice,integrity,image-manipulation,critical,official,life,2019,509
notice,integrity,image-manipulation,critical,official,life,2020,408
notice,integrity,image-manipulation,critical,official,life,2021,192
notice,integrity,image-manipulation,critical,official,life,2022,84
notice,integrity,image-manipulation,critical,official,life,2023,61
notice,integrity,image-manipulation,critical,official,life,2024,26
notice,integrity,image-manipulation,critical,official,life,2025,9
notice,integrity,image-manipulation,critical,official,physical,1991,1
notice,integrity,image-manipulation,critical,official,physical,1996,1
notice,integrity,image-manipulation,critical,official,physical,1999,1
notice,integrity,image-manipulation,critical,official,physical,2004,4
notice,integrity,image-manipulation,critical,official,physical,2005,2
notice,integrity,image-manipulation,critical,official,physical,2006,7
notice,integrity,image-manipulation,critical,official,physical,2007,7
notice,integrity,image-manipulation,critical,official,physical,2008,3
notice,integrity,image-manipulation,critical,official,physical,2009,9
notice,integrity,image-manipulation,critical,official,physical,2010,9
notice,integrity,image-manipulation,critical,official,physical,2011,21
notice,integrity,image-manipulation,critical,official,physical,2012,21
notice,integrity,image-manipulation,critical,official,physical,2013,39
notice,integrity,image-manipulation,critical,official,physical,2014,36
notice,integrity,image-manipulation,critical,official,physical,2015,48
notice,integrity,image-manipulation,critical,official,physical,2016,42
notice,integrity,image-manipulation,critical,official,physical,2017,38
notice,integrity,image-manipulation,critical,official,physical,2018,53
notice,integrity,image-manipulation,critical,official,physical,2019,38
notice,integrity,image-manipulation,critical,official,physical,2020,49
notice,integrity,image-manipulation,critical,official,physical,2021,59
notice,integrity,image-manipulation,critical,official,physical,2022,58
notice,integrity,image-manipulation,critical,official,physical,2023,45
notice,integrity,image-manipulation,critical,official,physical,2024,43
notice,integrity,image-manipulation,critical,official,physical,2025,10
notice,integrity,image-manipulation,critical,official,social,2015,1
notice,integrity,image-manipulation,critical,official,social,2022,1
notice,integrity,image-manipulation,critical,official,social,2024,1
notice,integrity,paper-mill,critical,official,health,2004,1
notice,integrity,paper-mill,critical,official,health,2013,4
notice,integrity,paper-mill,critical,official,health,2014,11
notice,integrity,paper-mill,critical,official,health,2015,5
notice,integrity,paper-mill,critical,official,health,2016,13
notice,integrity,paper-mill,critical,official,health,2017,42
notice,integrity,paper-mill,critical,official,health,2018,107
notice,integrity,paper-mill,critical,official,health,2019,207
notice,integrity,paper-mill,critical,official,health,2020,221
notice,integrity,paper-mill,critical,official,health,2021,860
notice,integrity,paper-mill,critical,official,health,2022,2542
notice,integrity,paper-mill,critical,official,health,2023,164
notice,integrity,paper-mill,critical,official,health,2024,35
notice,integrity,paper-mill,critical,official,health,2026,1
notice,integrity,paper-mill,critical,official,life,2007,1
notice,integrity,paper-mill,critical,official,life,2011,1
notice,integrity,paper-mill,critical,official,life,2012,2
notice,integrity,paper-mill,critical,official,life,2013,9
notice,integrity,paper-mill,critical,official,life,2014,33
notice,integrity,paper-mill,critical,official,life,2015,93
notice,integrity,paper-mill,critical,official,life,2016,77
notice,integrity,paper-mill,critical,official,life,2017,239
notice,integrity,paper-mill,critical,official,life,2018,312
notice,integrity,paper-mill,critical,official,life,2019,396
notice,integrity,paper-mill,critical,official,life,2020,282
notice,integrity,paper-mill,critical,official,life,2021,264
notice,integrity,paper-mill,critical,official,life,2022,295
notice,integrity,paper-mill,critical,official,life,2023,25
notice,integrity,paper-mill,critical,official,life,2024,5
notice,integrity,paper-mill,critical,official,physical,2012,1
notice,integrity,paper-mill,critical,official,physical,2013,2
notice,integrity,paper-mill,critical,official,physical,2014,4
notice,integrity,paper-mill,critical,official,physical,2015,6
notice,integrity,paper-mill,critical,official,physical,2016,8
notice,integrity,paper-mill,critical,official,physical,2017,46
notice,integrity,paper-mill,critical,official,physical,2018,50
notice,integrity,paper-mill,critical,official,physical,2019,183
notice,integrity,paper-mill,critical,official,physical,2020,418
notice,integrity,paper-mill,critical,official,physical,2021,1103
notice,integrity,paper-mill,critical,official,physical,2022,2801
notice,integrity,paper-mill,critical,official,physical,2023,422
notice,integrity,paper-mill,critical,official,physical,2024,153
notice,integrity,paper-mill,critical,official,physical,2025,2
notice,integrity,paper-mill,critical,official,physical,2026,1
notice,integrity,paper-mill,critical,official,social,2018,3
notice,integrity,paper-mill,critical,official,social,2019,2
notice,integrity,paper-mill,critical,official,social,2020,32
notice,integrity,paper-mill,critical,official,social,2021,67
notice,integrity,paper-mill,critical,official,social,2022,159
notice,integrity,paper-mill,critical,official,social,2023,2
notice,notices,expression-of-concern,major,official,health,1955,1
notice,notices,expression-of-concern,major,official,health,1956,1
notice,notices,expression-of-concern,major,official,health,1958,1
notice,notices,expression-of-concern,major,official,health,1959,4
notice,notices,expression-of-concern,major,official,health,1960,2
notice,notices,expression-of-concern,major,official,health,1962,1
notice,notices,expression-of-concern,major,official,health,1964,1
notice,notices,expression-of-concern,major,official,health,1967,2
notice,notices,expression-of-concern,major,official,health,1969,1
notice,notices,expression-of-concern,major,official,health,1970,2
notice,notices,expression-of-concern,major,official,health,1971,5
notice,notices,expression-of-concern,major,official,health,1972,2
notice,notices,expression-of-concern,major,official,health,1974,2
notice,notices,expression-of-concern,major,official,health,1976,1
notice,notices,expression-of-concern,major,official,health,1977,3
notice,notices,expression-of-concern,major,official,health,1978,2
notice,notices,expression-of-concern,major,official,health,1979,3
notice,notices,expression-of-concern,major,official,health,1980,3
notice,notices,expression-of-concern,major,official,health,1981,1
notice,notices,expression-of-concern,major,official,health,1982,1
notice,notices,expression-of-concern,major,official,health,1983,2
notice,notices,expression-of-concern,major,official,health,1985,2
notice,notices,expression-of-concern,major,official,health,1987,2
notice,notices,expression-of-concern,major,official,health,1988,3
notice,notices,expression-of-concern,major,official,health,1990,2
notice,notices,expression-of-concern,major,official,health,1991,2
notice,notices,expression-of-concern,major,official,health,1992,2
notice,notices,expression-of-concern,major,official,health,1993,4
notice,notices,expression-of-concern,major,official,health,1994,6
notice,notices,expression-of-concern,major,official,health,1995,12
notice,notices,expression-of-concern,major,official,health,1996,8
notice,notices,expression-of-concern,major,official,health,1997,12
notice,notices,expression-of-concern,major,official,health,1998,10
notice,notices,expression-of-concern,major,official,health,1999,15
notice,notices,expression-of-concern,major,official,health,2000,9
notice,notices,expression-of-concern,major,official,health,2001,12
notice,notices,expression-of-concern,major,official,health,2002,8
notice,notices,expression-of-concern,major,official,health,2003,10
notice,notices,expression-of-concern,major,official,health,2004,12
notice,notices,expression-of-concern,major,official,health,2005,17
notice,notices,expression-of-concern,major,official,health,2006,15
notice,notices,expression-of-concern,major,official,health,2007,16
notice,notices,expression-of-concern,major,official,health,2008,20
notice,notices,expression-of-concern,major,official,health,2009,29
notice,notices,expression-of-concern,major,official,health,2010,297
notice,notices,expression-of-concern,major,official,health,2011,38
notice,notices,expression-of-concern,major,official,health,2012,51
notice,notices,expression-of-concern,major,official,health,2013,45
notice,notices,expression-of-concern,major,official,health,2014,52
notice,notices,expression-of-concern,major,official,health,2015,63
notice,notices,expression-of-concern,major,official,health,2016,96
notice,notices,expression-of-concern,major,official,health,2017,104
notice,notices,expression-of-concern,major,official,health,2018,78
notice,notices,expression-of-concern,major,official,health,2019,80
notice,notices,expression-of-concern,major,official,health,2020,83
notice,notices,expression-of-concern,major,official,health,2021,144
notice,notices,expression-of-concern,major,official,health,2022,48
notice,notices,expression-of-concern,major,official,health,2023,23
notice,notices,expression-of-concern,major,official,health,2024,6
notice,notices,expression-of-concern,major,official,health,2025,7
notice,notices,expression-of-concern,major,official,health,2026,1
notice,notices,expression-of-concern,major,official,life,1976,1
notice,notices,expression-of-concern,major,official,life,1998,2
notice,notices,expression-of-concern,major,official,life,1999,2
notice,notices,expression-of-concern,major,official,life,2000,2
notice,notices,expression-of-concern,major,official,life,2001,8
notice,notices,expression-of-concern,major,official,life,2002,10
notice,notices,expression-of-concern,major,official,life,2003,10
notice,notices,expression-of-concern,major,official,life,2004,11
notice,notices,expression-of-concern,major,official,life,2005,14
notice,notices,expression-of-concern,major,official,life,2006,21
notice,notices,expression-of-concern,major,official,life,2007,16
notice,notices,expression-of-concern,major,official,life,2008,32
notice,notices,expression-of-concern,major,official,life,2009,28
notice,notices,expression-of-concern,major,official,life,2010,45
notice,notices,expression-of-concern,major,official,life,2011,33
notice,notices,expression-of-concern,major,official,life,2012,36
notice,notices,expression-of-concern,major,official,life,2013,44
notice,notices,expression-of-concern,major,official,life,2014,57
notice,notices,expression-of-concern,major,official,life,2015,52
notice,notices,expression-of-concern,major,official,life,2016,105
notice,notices,expression-of-concern,major,official,life,2017,79
notice,notices,expression-of-concern,major,official,life,2018,91
notice,notices,expression-of-concern,major,official,life,2019,128
notice,notices,expression-of-concern,major,official,life,2020,78
notice,notices,expression-of-concern,major,official,life,2021,85
notice,notices,expression-of-concern,major,official,life,2022,20
notice,notices,expression-of-concern,major,official,life,2023,6
notice,notices,expression-of-concern,major,official,life,2024,3
notice,notices,expression-of-concern,major,official,life,2026,2
notice,notices,expression-of-concern,major,official,physical,1987,1
notice,notices,expression-of-concern,major,official,physical,2000,2
notice,notices,expression-of-concern,major,official,physical,2001,1
notice,notices,expression-of-concern,major,official,physical,2002,2
notice,notices,expression-of-concern,major,official,physical,2003,1
notice,notices,expression-of-concern,major,official,physical,2006,1
notice,notices,expression-of-concern,major,official,physical,2009,3
notice,notices,expression-of-concern,major,official,physical,2010,2
notice,notices,expression-of-concern,major,official,physical,2011,9
notice,notices,expression-of-concern,major,official,physical,2012,5
notice,notices,expression-of-concern,major,official,physical,2013,12
notice,notices,expression-of-concern,major,official,physical,2014,12
notice,notices,expression-of-concern,major,official,physical,2015,29
notice,notices,expression-of-concern,major,official,physical,2016,25
notice,notices,expression-of-concern,major,official,physical,2017,20
notice,notices,expression-of-concern,major,official,physical,2018,57
notice,notices,expression-of-concern,major,official,physical,2019,70
notice,notices,expression-of-concern,major,official,physical,2020,125
notice,notices,expression-of-concern,major,official,physical,2021,501
notice,notices,expression-of-concern,major,official,physical,2022,52
notice,notices,expression-of-concern,major,official,physical,2023,44
notice,notices,expression-of-concern,major,official,physical,2024,6
notice,notices,expression-of-concern,major,official,physical,2025,2
notice,notices,expression-of-concern,major,official,social,1943,1
notice,notices,expression-of-concern,major,official,social,1946,1
notice,notices,expression-of-concern,major,official,social,1960,7
notice,notices,expression-of-concern,major,official,social,1961,2
notice,notices,expression-of-concern,major,official,social,1962,3
notice,notices,expression-of-concern,major,official,social,1964,1
notice,notices,expression-of-concern,major,official,social,1966,1
notice,notices,expression-of-concern,major,official,social,1967,1
notice,notices,expression-of-concern,major,official,social,1972,1
notice,notices,expression-of-concern,major,official,social,1976,2
notice,notices,expression-of-concern,major,official,social,1982,1
notice,notices,expression-of-concern,major,official,social,2002,2
notice,notices,expression-of-concern,major,official,social,2004,3
notice,notices,expression-of-concern,major,official,social,2005,2
notice,notices,expression-of-concern,major,official,social,2006,3
notice,notices,expression-of-concern,major,official,social,2007,5
notice,notices,expression-of-concern,major,official,social,2008,2
notice,notices,expression-of-concern,major,official,social,2009,4
notice,notices,expression-of-concern,major,official,social,2010,2
notice,notices,expression-of-concern,major,official,social,2011,7
notice,notices,expression-of-concern,major,official,social,2012,3
notice,notices,expression-of-concern,major,official,social,2013,5
notice,notices,expression-of-concern,major,official,social,2014,2
notice,notices,expression-of-concern,major,official,social,2015,6
notice,notices,expression-of-concern,major,official,social,2016,2
notice,notices,expression-of-concern,major,official,social,2017,2
notice,notices,expression-of-concern,major,official,social,2018,20
notice,notices,expression-of-concern,major,official,social,2019,8
notice,notices,expression-of-concern,major,official,social,2020,20
notice,notices,expression-of-concern,major,official,social,2021,102
notice,notices,expression-of-concern,major,official,social,2022,4
notice,notices,expression-of-concern,major,official,social,2023,2
notice,notices,expression-of-concern,major,official,social,2025,2
notice,notices,expression-of-concern,major,official,social,2026,2
notice,notices,major-correction,caution,official,health,1986,1
notice,notices,major-correction,caution,official,health,1989,1
notice,notices,major-correction,caution,official,health,1990,1
notice,notices,major-correction,caution,official,health,1992,1
notice,notices,major-correction,caution,official,health,1993,2
notice,notices,major-correction,caution,official,health,1994,2
notice,notices,major-correction,caution,official,health,1998,4
notice,notices,major-correction,caution,official,health,1999,2
notice,notices,major-correction,caution,official,health,2001,1
notice,notices,major-correction,caution,official,health,2002,7
notice,notices,major-correction,caution,official,health,2003,8
notice,notices,major-correction,caution,official,health,2004,10
notice,notices,major-correction,caution,official,health,2005,13
notice,notices,major-correction,caution,official,health,2006,15
notice,notices,major-correction,caution,official,health,2007,17
notice,notices,major-correction,caution,official,health,2008,19
notice,notices,major-correction,caution,official,health,2009,21
notice,notices,major-correction,caution,official,health,2010,19
notice,notices,major-correction,caution,official,health,2011,26
notice,notices,major-correction,caution,official,health,2012,28
notice,notices,major-correction,caution,official,health,2013,53
notice,notices,major-correction,caution,official,health,2014,39
notice,notices,major-correction,caution,official,health,2015,46
notice,notices,major-correction,caution,official,health,2016,45
notice,notices,major-correction,caution,official,health,2017,29
notice,notices,major-correction,caution,official,health,2018,35
notice,notices,major-correction,caution,official,health,2019,31
notice,notices,major-correction,caution,official,health,2020,39
notice,notices,major-correction,caution,official,health,2021,29
notice,notices,major-correction,caution,official,health,2022,22
notice,notices,major-correction,caution,official,health,2023,22
notice,notices,major-correction,caution,official,health,2024,11
notice,notices,major-correction,caution,official,health,2025,5
notice,notices,major-correction,caution,official,health,2026,2
notice,notices,major-correction,caution,official,life,1955,1
notice,notices,major-correction,caution,official,life,1981,1
notice,notices,major-correction,caution,official,life,1986,2
notice,notices,major-correction,caution,official,life,1987,1
notice,notices,major-correction,caution,official,life,1989,1
notice,notices,major-correction,caution,official,life,1991,1
notice,notices,major-correction,caution,official,life,1994,2
notice,notices,major-correction,caution,official,life,1996,1
notice,notices,major-correction,caution,official,life,1998,2
notice,notices,major-correction,caution,official,life,1999,4
notice,notices,major-correction,caution,official,life,2000,3
notice,notices,major-correction,caution,official,life,2001,6
notice,notices,major-correction,caution,official,life,2002,8
notice,notices,major-correction,caution,official,life,2003,10
notice,notices,major-correction,caution,official,life,2004,15
notice,notices,major-correction,caution,official,life,2005,11
notice,notices,major-correction,caution,official,life,2006,21
notice,notices,major-correction,caution,official,life,2007,19
notice,notices,major-correction,caution,official,life,2008,21
notice,notices,major-correction,caution,official,life,2009,31
notice,notices,major-correction,caution,official,life,2010,42
notice,notices,major-correction,caution,official,life,2011,38
notice,notices,major-correction,caution,official,life,2012,41
notice,notices,major-correction,caution,official,life,2013,43
notice,notices,major-correction,caution,official,life,2014,36
notice,notices,major-correction,caution,official,life,2015,47
notice,notices,major-correction,caution,official,life,2016,36
notice,notices,major-correction,caution,official,life,2017,34
notice,notices,major-correction,caution,official,life,2018,41
notice,notices,major-correction,caution,official,life,2019,39
notice,notices,major-correction,caution,official,life,2020,34
notice,notices,major-correction,caution,official,life,2021,28
notice,notices,major-correction,caution,official,life,2022,11
notice,notices,major-correction,caution,official,life,2023,7
notice,notices,major-correction,caution,official,life,2024,7
notice,notices,major-correction,caution,official,life,2025,4
notice,notices,major-correction,caution,official,life,2026,1
notice,notices,major-correction,caution,official,physical,1992,1
notice,notices,major-correction,caution,official,physical,1999,1
notice,notices,major-correction,caution,official,physical,2001,1
notice,notices,major-correction,caution,official,physical,2002,2
notice,notices,major-correction,caution,official,physical,2003,4
notice,notices,major-correction,caution,official,physical,2004,4
notice,notices,major-correction,caution,official,physical,2005,1
notice,notices,major-correction,caution,official,physical,2006,1
notice,notices,major-correction,caution,official,physical,2008,3
notice,notices,major-correction,caution,official,physical,2009,7
notice,notices,major-correction,caution,official,physical,2010,12
notice,notices,major-correction,caution,official,physical,2011,2
notice,notices,major-correction,caution,official,physical,2012,12
notice,notices,major-correction,caution,official,physical,2013,9
notice,notices,major-correction,caution,official,physical,2014,8
notice,notices,major-correction,caution,official,physical,2015,13
notice,notices,major-correction,caution,official,physical,2016,10
notice,notices,major-correction,caution,official,physical,2017,17
notice,notices,major-correction,caution,official,physical,2018,18
notice,notices,major-correction,caution,official,physical,2019,17
notice,notices,major-correction,caution,official,physical,2020,13
notice,notices,major-correction,caution,official,physical,2021,19
notice,notices,major-correction,caution,official,physical,2022,11
notice,notices,major-correction,caution,official,physical,2023,9
notice,notices,major-correction,caution,official,physical,2024,10
notice,notices,major-correction,caution,official,physical,2025,1
notice,notices,major-correction,caution,official,social,1980,1
notice,notices,major-correction,caution,official,social,1985,1
notice,notices,major-correction,caution,official,social,1988,1
notice,notices,major-correction,caution,official,social,1998,1
notice,notices,major-correction,caution,official,social,2000,1
notice,notices,major-correction,caution,official,social,2003,1
notice,notices,major-correction,caution,official,social,2005,1
notice,notices,major-correction,caution,official,social,2007,1
notice,notices,major-correction,caution,official,social,2009,3
notice,notices,major-correction,caution,official,social,2010,1
notice,notices,major-correction,caution,official,social,2011,3
notice,notices,major-correction,caution,official,social,2012,2
notice,notices,major-correction,caution,official,social,2013,5
notice,notices,major-correction,caution,official,social,2014,4
notice,notices,major-correction,caution,official,social,2015,7
notice,notices,major-correction,caution,official,social,2016,5
notice,notices,major-correction,caution,official,social,2017,9
notice,notices,major-correction,caution,official,social,2018,3
notice,notices,major-correction,caution,official,social,2019,4
notice,notices,major-correction,caution,official,social,2020,4
notice,notices,major-correction,caution,official,social,2021,4
notice,notices,major-correction,caution,official,social,2022,4
notice,notices,major-correction,caution,official,social,2023,5
notice,notices,major-correction,caution,official,social,2024,3
notice,notices,major-correction,caution,official,social,2026,1
notice,notices,retracted,caution,official,health,1990,1
notice,notices,retracted,caution,official,health,1992,1
notice,notices,retracted,caution,official,health,1994,1
notice,notices,retracted,caution,official,health,1995,1
notice,notices,retracted,caution,official,health,1996,3
notice,notices,retracted,caution,official,health,1997,2
notice,notices,retracted,caution,official,health,1998,10
notice,notices,retracted,caution,official,health,1999,16
notice,notices,retracted,caution,official,health,2000,25
notice,notices,retracted,caution,official,health,2001,32
notice,notices,retracted,caution,official,health,2002,44
notice,notices,retracted,caution,official,health,2003,47
notice,notices,retracted,caution,official,health,2004,63
notice,notices,retracted,caution,official,health,2005,44
notice,notices,retracted,caution,official,health,2006,44
notice,notices,retracted,caution,official,health,2007,42
notice,notices,retracted,caution,official,health,2008,54
notice,notices,retracted,caution,official,health,2009,63
notice,notices,retracted,caution,official,health,2010,43
notice,notices,retracted,caution,official,health,2011,45
notice,notices,retracted,caution,official,health,2012,37
notice,notices,retracted,caution,official,health,2013,27
notice,notices,retracted,caution,official,health,2014,53
notice,notices,retracted,caution,official,health,2015,48
notice,notices,retracted,caution,official,health,2016,29
notice,notices,retracted,caution,official,health,2017,49
notice,notices,retracted,caution,official,health,2018,91
notice,notices,retracted,caution,official,health,2019,52
notice,notices,retracted,caution,official,health,2020,97
notice,notices,retracted,caution,official,health,2021,56
notice,notices,retracted,caution,official,health,2022,51
notice,notices,retracted,caution,official,health,2023,169
notice,notices,retracted,caution,official,health,2024,18
notice,notices,retracted,caution,official,health,2025,10
notice,notices,retracted,caution,official,health,2026,2
notice,notices,retracted,caution,official,life,1986,1
notice,notices,retracted,caution,official,life,2000,1
notice,notices,retracted,caution,official,life,2002,42
notice,notices,retracted,caution,official,life,2003,2
notice,notices,retracted,caution,official,life,2004,3
notice,notices,retracted,caution,official,life,2005,3
notice,notices,retracted,caution,official,life,2006,4
notice,notices,retracted,caution,official,life,2007,4
notice,notices,retracted,caution,official,life,2008,17
notice,notices,retracted,caution,official,life,2009,5
notice,notices,retracted,caution,official,life,2010,13
notice,notices,retracted,caution,official,life,2011,20
notice,notices,retracted,caution,official,life,2012,14
notice,notices,retracted,caution,official,life,2013,4
notice,notices,retracted,caution,official,life,2014,15
notice,notices,retracted,caution,official,life,2015,72
notice,notices,retracted,caution,official,life,2016,12
notice,notices,retracted,caution,official,life,2017,19
notice,notices,retracted,caution,official,life,2018,62
notice,notices,retracted,caution,official,life,2019,18
notice,notices,retracted,caution,official,life,2020,15
notice,notices,retracted,caution,official,life,2021,22
notice,notices,retracted,caution,official,life,2022,39
notice,notices,retracted,caution,official,life,2023,4
notice,notices,retracted,caution,official,life,2024,2
notice,notices,retracted,caution,official,life,2025,8
notice,notices,retracted,caution,official,physical,1979,5
notice,notices,retracted,caution,official,physical,1981,2
notice,notices,retracted,caution,official,physical,1985,1
notice,notices,retracted,caution,official,physical,1986,8
notice,notices,retracted,caution,official,physical,1987,2
notice,notices,retracted,caution,official,physical,1990,2
notice,notices,retracted,caution,official,physical,1992,1
notice,notices,retracted,caution,official,physical,1993,3
notice,notices,retracted,caution,official,physical,1995,1
notice,notices,retracted,caution,official,physical,1999,1
notice,notices,retracted,caution,official,physical,2000,1
notice,notices,retracted,caution,official,physical,2002,4
notice,notices,retracted,caution,official,physical,2003,3
notice,notices,retracted,caution,official,physical,2004,2
notice,notices,retracted,caution,official,physical,2005,7
notice,notices,retracted,caution,official,physical,2006,6
notice,notices,retracted,caution,official,physical,2007,13
notice,notices,retracted,caution,official,physical,2008,8
notice,notices,retracted,caution,official,physical,2009,12
notice,notices,retracted,caution,official,physical,2010,10
notice,notices,retracted,caution,official,physical,2011,7
notice,notices,retracted,caution,official,physical,2012,21
notice,notices,retracted,caution,official,physical,2013,16
notice,notices,retracted,caution,official,physical,2014,25
notice,notices,retracted,caution,official,physical,2015,27
notice,notices,retracted,caution,official,physical,2016,35
notice,notices,retracted,caution,official,physical,2017,43
notice,notices,retracted,caution,official,physical,2018,306
notice,notices,retracted,caution,official,physical,2019,37
notice,notices,retracted,caution,official,physical,2020,37
notice,notices,retracted,caution,official,physical,2021,28
notice,notices,retracted,caution,official,physical,2022,14
notice,notices,retracted,caution,official,physical,2023,5
notice,notices,retracted,caution,official,physical,2024,1
notice,notices,retracted,caution,official,physical,2025,3
notice,notices,retracted,caution,official,physical,2026,3
notice,notices,retracted,caution,official,social,1967,1
notice,notices,retracted,caution,official,social,1970,6
notice,notices,retracted,caution,official,social,1977,20
notice,notices,retracted,caution,official,social,1984,1
notice,notices,retracted,caution,official,social,1986,6
notice,notices,retracted,caution,official,social,1993,3
notice,notices,retracted,caution,official,social,1995,3
notice,notices,retracted,caution,official,social,1996,8
notice,notices,retracted,caution,official,social,1997,5
notice,notices,retracted,caution,official,social,1998,6
notice,notices,retracted,caution,official,social,1999,2
notice,notices,retracted,caution,official,social,2001,2
notice,notices,retracted,caution,official,social,2002,1
notice,notices,retracted,caution,official,social,2003,1
notice,notices,retracted,caution,official,social,2004,8
notice,notices,retracted,caution,official,social,2005,6
notice,notices,retracted,caution,official,social,2006,3
notice,notices,retracted,caution,official,social,2007,5
notice,notices,retracted,caution,official,social,2008,5
notice,notices,retracted,caution,official,social,2009,4
notice,notices,retracted,caution,official,social,2010,10
notice,notices,retracted,caution,official,social,2011,9
notice,notices,retracted,caution,official,social,2012,8
notice,notices,retracted,caution,official,social,2013,5
notice,notices,retracted,caution,official,social,2014,9
notice,notices,retracted,caution,official,social,2015,15
notice,notices,retracted,caution,official,social,2016,14
notice,notices,retracted,caution,official,social,2017,23
notice,notices,retracted,caution,official,social,2018,129
notice,notices,retracted,caution,official,social,2019,26
notice,notices,retracted,caution,official,social,2020,17
notice,notices,retracted,caution,official,social,2021,6
notice,notices,retracted,caution,official,social,2022,9
notice,notices,retracted,caution,official,social,2023,2
notice,notices,retracted,caution,official,social,2025,1
notice,notices,retracted,critical,official,health,1923,2
notice,notices,retracted,critical,official,health,1966,1
notice,notices,retracted,critical,official,health,1968,1
notice,notices,retracted,critical,official,health,1971,1
notice,notices,retracted,critical,official,health,1973,1
notice,notices,retracted,critical,official,health,1974,1
notice,notices,retracted,critical,official,health,1975,2
notice,notices,retracted,critical,official,health,1976,1
notice,notices,retracted,critical,official,health,1977,4
notice,notices,retracted,critical,official,health,1978,8
notice,notices,retracted,critical,official,health,1979,11
notice,notices,retracted,critical,official,health,1980,10
notice,notices,retracted,critical,official,health,1981,11
notice,notices,retracted,critical,official,health,1982,6
notice,notices,retracted,critical,official,health,1983,12
notice,notices,retracted,critical,official,health,1984,12
notice,notices,retracted,critical,official,health,1985,12
notice,notices,retracted,critical,official,health,1986,8
notice,notices,retracted,critical,official,health,1987,14
notice,notices,retracted,critical,official,health,1988,14
notice,notices,retracted,critical,official,health,1989,28
notice,notices,retracted,critical,official,health,1990,42
notice,notices,retracted,critical,official,health,1991,31
notice,notices,retracted,critical,official,health,1992,26
notice,notices,retracted,critical,official,health,1993,33
notice,notices,retracted,critical,official,health,1994,41
notice,notices,retracted,critical,official,health,1995,50
notice,notices,retracted,critical,official,health,1996,48
notice,notices,retracted,critical,official,health,1997,55
notice,notices,retracted,critical,official,health,1998,77
notice,notices,retracted,critical,official,health,1999,82
notice,notices,retracted,critical,official,health,2000,79
notice,notices,retracted,critical,official,health,2001,112
notice,notices,retracted,critical,official,health,2002,115
notice,notices,retracted,critical,official,health,2003,153
notice,notices,retracted,critical,official,health,2004,179
notice,notices,retracted,critical,official,health,2005,229
notice,notices,retracted,critical,official,health,2006,258
notice,notices,retracted,critical,official,health,2007,287
notice,notices,retracted,critical,official,health,2008,343
notice,notices,retracted,critical,official,health,2009,367
notice,notices,retracted,critical,official,health,2010,519
notice,notices,retracted,critical,official,health,2011,605
notice,notices,retracted,critical,official,health,2012,484
notice,notices,retracted,critical,official,health,2013,614
notice,notices,retracted,critical,official,health,2014,835
notice,notices,retracted,critical,official,health,2015,791
notice,notices,retracted,critical,official,health,2016,756
notice,notices,retracted,critical,official,health,2017,717
notice,notices,retracted,critical,official,health,2018,808
notice,notices,retracted,critical,official,health,2019,984
notice,notices,retracted,critical,official,health,2020,1317
notice,notices,retracted,critical,official,health,2021,2356
notice,notices,retracted,critical,official,health,2022,4668
notice,notices,retracted,critical,official,health,2023,1221
notice,notices,retracted,critical,official,health,2024,860
notice,notices,retracted,critical,official,health,2025,232
notice,notices,retracted,critical,official,health,2026,17
notice,notices,retracted,critical,official,life,1959,1
notice,notices,retracted,critical,official,life,1963,1
notice,notices,retracted,critical,official,life,1973,1
notice,notices,retracted,critical,official,life,1975,5
notice,notices,retracted,critical,official,life,1976,2
notice,notices,retracted,critical,official,life,1979,1
notice,notices,retracted,critical,official,life,1980,1
notice,notices,retracted,critical,official,life,1981,4
notice,notices,retracted,critical,official,life,1982,1
notice,notices,retracted,critical,official,life,1983,3
notice,notices,retracted,critical,official,life,1984,3
notice,notices,retracted,critical,official,life,1985,2
notice,notices,retracted,critical,official,life,1986,2
notice,notices,retracted,critical,official,life,1987,3
notice,notices,retracted,critical,official,life,1988,5
notice,notices,retracted,critical,official,life,1989,9
notice,notices,retracted,critical,official,life,1990,13
notice,notices,retracted,critical,official,life,1991,14
notice,notices,retracted,critical,official,life,1992,16
notice,notices,retracted,critical,official,life,1993,4
notice,notices,retracted,critical,official,life,1994,15
notice,notices,retracted,critical,official,life,1995,16
notice,notices,retracted,critical,official,life,1996,18
notice,notices,retracted,critical,official,life,1997,21
notice,notices,retracted,critical,official,life,1998,22
notice,notices,retracted,critical,official,life,1999,27
notice,notices,retracted,critical,official,life,2000,46
notice,notices,retracted,critical,official,life,2001,57
notice,notices,retracted,critical,official,life,2002,73
notice,notices,retracted,critical,official,life,2003,92
notice,notices,retracted,critical,official,life,2004,122
notice,notices,retracted,critical,official,life,2005,135
notice,notices,retracted,critical,official,life,2006,171
notice,notices,retracted,critical,official,life,2007,184
notice,notices,retracted,critical,official,life,2008,178
notice,notices,retracted,critical,official,life,2009,264
notice,notices,retracted,critical,official,life,2010,469
notice,notices,retracted,critical,official,life,2011,983
notice,notices,retracted,critical,official,life,2012,339
notice,notices,retracted,critical,official,life,2013,405
notice,notices,retracted,critical,official,life,2014,444
notice,notices,retracted,critical,official,life,2015,551
notice,notices,retracted,critical,official,life,2016,595
notice,notices,retracted,critical,official,life,2017,791
notice,notices,retracted,critical,official,life,2018,937
notice,notices,retracted,critical,official,life,2019,1184
notice,notices,retracted,critical,official,life,2020,1161
notice,notices,retracted,critical,official,life,2021,1019
notice,notices,retracted,critical,official,life,2022,835
notice,notices,retracted,critical,official,life,2023,421
notice,notices,retracted,critical,official,life,2024,298
notice,notices,retracted,critical,official,life,2025,89
notice,notices,retracted,critical,official,life,2026,2
notice,notices,retracted,critical,official,physical,1753,1
notice,notices,retracted,critical,official,physical,1926,1
notice,notices,retracted,critical,official,physical,1967,1
notice,notices,retracted,critical,official,physical,1980,1
notice,notices,retracted,critical,official,physical,1981,1
notice,notices,retracted,critical,official,physical,1988,1
notice,notices,retracted,critical,official,physical,1989,1
notice,notices,retracted,critical,official,physical,1990,1
notice,notices,retracted,critical,official,physical,1991,4
notice,notices,retracted,critical,official,physical,1992,1
notice,notices,retracted,critical,official,physical,1993,5
notice,notices,retracted,critical,official,physical,1994,2
notice,notices,retracted,critical,official,physical,1995,1
notice,notices,retracted,critical,official,physical,1996,4
notice,notices,retracted,critical,official,physical,1997,4
notice,notices,retracted,critical,official,physical,1998,6
notice,notices,retracted,critical,official,physical,1999,10
notice,notices,retracted,critical,official,physical,2000,27
notice,notices,retracted,critical,official,physical,2001,41
notice,notices,retracted,critical,official,physical,2002,28
notice,notices,retracted,critical,official,physical,2003,40
notice,notices,retracted,critical,official,physical,2004,54
notice,notices,retracted,critical,official,physical,2005,79
notice,notices,retracted,critical,official,physical,2006,121
notice,notices,retracted,critical,official,physical,2007,246
notice,notices,retracted,critical,official,physical,2008,160
notice,notices,retracted,critical,official,physical,2009,642
notice,notices,retracted,critical,official,physical,2010,3690
notice,notices,retracted,critical,official,physical,2011,2307
notice,notices,retracted,critical,official,physical,2012,441
notice,notices,retracted,critical,official,physical,2013,471
notice,notices,retracted,critical,official,physical,2014,422
notice,notices,retracted,critical,official,physical,2015,592
notice,notices,retracted,critical,official,physical,2016,500
notice,notices,retracted,critical,official,physical,2017,605
notice,notices,retracted,critical,official,physical,2018,816
notice,notices,retracted,critical,official,physical,2019,954
notice,notices,retracted,critical,official,physical,2020,1604
notice,notices,retracted,critical,official,physical,2021,3336
notice,notices,retracted,critical,official,physical,2022,5134
notice,notices,retracted,critical,official,physical,2023,1813
notice,notices,retracted,critical,official,physical,2024,1183
notice,notices,retracted,critical,official,physical,2025,223
notice,notices,retracted,critical,official,physical,2026,11
notice,notices,retracted,critical,official,social,1951,1
notice,notices,retracted,critical,official,social,1955,1
notice,notices,retracted,critical,official,social,1962,1
notice,notices,retracted,critical,official,social,1967,1
notice,notices,retracted,critical,official,social,1977,1
notice,notices,retracted,critical,official,social,1978,1
notice,notices,retracted,critical,official,social,1984,3
notice,notices,retracted,critical,official,social,1986,1
notice,notices,retracted,critical,official,social,1988,3
notice,notices,retracted,critical,official,social,1989,1
notice,notices,retracted,critical,official,social,1990,4
notice,notices,retracted,critical,official,social,1991,1
notice,notices,retracted,critical,official,social,1992,2
notice,notices,retracted,critical,official,social,1993,1
notice,notices,retracted,critical,official,social,1994,1
notice,notices,retracted,critical,official,social,1995,2
notice,notices,retracted,critical,official,social,1996,8
notice,notices,retracted,critical,official,social,1997,4
notice,notices,retracted,critical,official,social,1998,5
notice,notices,retracted,critical,official,social,1999,7
notice,notices,retracted,critical,official,social,2000,8
notice,notices,retracted,critical,official,social,2001,11
notice,notices,retracted,critical,official,social,2002,12
notice,notices,retracted,critical,official,social,2003,5
notice,notices,retracted,critical,official,social,2004,18
notice,notices,retracted,critical,official,social,2005,23
notice,notices,retracted,critical,official,social,2006,26
notice,notices,retracted,critical,official,social,2007,69
notice,notices,retracted,critical,official,social,2008,79
notice,notices,retracted,critical,official,social,2009,360
notice,notices,retracted,critical,official,social,2010,617
notice,notices,retracted,critical,official,social,2011,1373
notice,notices,retracted,critical,official,social,2012,135
notice,notices,retracted,critical,official,social,2013,186
notice,notices,retracted,critical,official,social,2014,73
notice,notices,retracted,critical,official,social,2015,660
notice,notices,retracted,critical,official,social,2016,499
notice,notices,retracted,critical,official,social,2017,275
notice,notices,retracted,critical,official,social,2018,214
notice,notices,retracted,critical,official,social,2019,210
notice,notices,retracted,critical,official,social,2020,230
notice,notices,retracted,critical,official,social,2021,394
notice,notices,retracted,critical,official,social,2022,367
notice,notices,retracted,critical,official,social,2023,180
notice,notices,retracted,critical,official,social,2024,201
notice,notices,retracted,critical,official,social,2025,21
notice,notices,retracted,critical,official,social,2026,6
notice,reasoning,unsupported-conclusion,major,official,health,1966,1
notice,reasoning,unsupported-conclusion,major,official,health,1979,1
notice,reasoning,unsupported-conclusion,major,official,health,1983,1
notice,reasoning,unsupported-conclusion,major,official,health,1986,1
notice,reasoning,unsupported-conclusion,major,official,health,1987,2
notice,reasoning,unsupported-conclusion,major,official,health,1988,1
notice,reasoning,unsupported-conclusion,major,official,health,1989,2
notice,reasoning,unsupported-conclusion,major,official,health,1990,2
notice,reasoning,unsupported-conclusion,major,official,health,1991,2
notice,reasoning,unsupported-conclusion,major,official,health,1992,2
notice,reasoning,unsupported-conclusion,major,official,health,1994,3
notice,reasoning,unsupported-conclusion,major,official,health,1995,1
notice,reasoning,unsupported-conclusion,major,official,health,1996,1
notice,reasoning,unsupported-conclusion,major,official,health,1997,5
notice,reasoning,unsupported-conclusion,major,official,health,1998,6
notice,reasoning,unsupported-conclusion,major,official,health,1999,2
notice,reasoning,unsupported-conclusion,major,official,health,2000,4
notice,reasoning,unsupported-conclusion,major,official,health,2001,3
notice,reasoning,unsupported-conclusion,major,official,health,2002,5
notice,reasoning,unsupported-conclusion,major,official,health,2003,5
notice,reasoning,unsupported-conclusion,major,official,health,2004,2
notice,reasoning,unsupported-conclusion,major,official,health,2005,8
notice,reasoning,unsupported-conclusion,major,official,health,2006,5
notice,reasoning,unsupported-conclusion,major,official,health,2007,5
notice,reasoning,unsupported-conclusion,major,official,health,2008,8
notice,reasoning,unsupported-conclusion,major,official,health,2009,10
notice,reasoning,unsupported-conclusion,major,official,health,2010,15
notice,reasoning,unsupported-conclusion,major,official,health,2011,13
notice,reasoning,unsupported-conclusion,major,official,health,2012,19
notice,reasoning,unsupported-conclusion,major,official,health,2013,17
notice,reasoning,unsupported-conclusion,major,official,health,2014,26
notice,reasoning,unsupported-conclusion,major,official,health,2015,27
notice,reasoning,unsupported-conclusion,major,official,health,2016,31
notice,reasoning,unsupported-conclusion,major,official,health,2017,31
notice,reasoning,unsupported-conclusion,major,official,health,2018,43
notice,reasoning,unsupported-conclusion,major,official,health,2019,43
notice,reasoning,unsupported-conclusion,major,official,health,2020,32
notice,reasoning,unsupported-conclusion,major,official,health,2021,40
notice,reasoning,unsupported-conclusion,major,official,health,2022,25
notice,reasoning,unsupported-conclusion,major,official,health,2023,25
notice,reasoning,unsupported-conclusion,major,official,health,2024,22
notice,reasoning,unsupported-conclusion,major,official,health,2025,2
notice,reasoning,unsupported-conclusion,major,official,health,2026,2
notice,reasoning,unsupported-conclusion,major,official,life,1959,1
notice,reasoning,unsupported-conclusion,major,official,life,1963,1
notice,reasoning,unsupported-conclusion,major,official,life,1982,1
notice,reasoning,unsupported-conclusion,major,official,life,1983,1
notice,reasoning,unsupported-conclusion,major,official,life,1984,1
notice,reasoning,unsupported-conclusion,major,official,life,1990,4
notice,reasoning,unsupported-conclusion,major,official,life,1991,4
notice,reasoning,unsupported-conclusion,major,official,life,1994,4
notice,reasoning,unsupported-conclusion,major,official,life,1995,1
notice,reasoning,unsupported-conclusion,major,official,life,1996,4
notice,reasoning,unsupported-conclusion,major,official,life,1997,2
notice,reasoning,unsupported-conclusion,major,official,life,1998,2
notice,reasoning,unsupported-conclusion,major,official,life,1999,2
notice,reasoning,unsupported-conclusion,major,official,life,2000,5
notice,reasoning,unsupported-conclusion,major,official,life,2001,1
notice,reasoning,unsupported-conclusion,major,official,life,2002,2
notice,reasoning,unsupported-conclusion,major,official,life,2003,4
notice,reasoning,unsupported-conclusion,major,official,life,2004,6
notice,reasoning,unsupported-conclusion,major,official,life,2005,5
notice,reasoning,unsupported-conclusion,major,official,life,2006,6
notice,reasoning,unsupported-conclusion,major,official,life,2007,9
notice,reasoning,unsupported-conclusion,major,official,life,2008,7
notice,reasoning,unsupported-conclusion,major,official,life,2009,11
notice,reasoning,unsupported-conclusion,major,official,life,2010,10
notice,reasoning,unsupported-conclusion,major,official,life,2011,11
notice,reasoning,unsupported-conclusion,major,official,life,2012,14
notice,reasoning,unsupported-conclusion,major,official,life,2013,19
notice,reasoning,unsupported-conclusion,major,official,life,2014,14
notice,reasoning,unsupported-conclusion,major,official,life,2015,21
notice,reasoning,unsupported-conclusion,major,official,life,2016,35
notice,reasoning,unsupported-conclusion,major,official,life,2017,27
notice,reasoning,unsupported-conclusion,major,official,life,2018,42
notice,reasoning,unsupported-conclusion,major,official,life,2019,26
notice,reasoning,unsupported-conclusion,major,official,life,2020,45
notice,reasoning,unsupported-conclusion,major,official,life,2021,18
notice,reasoning,unsupported-conclusion,major,official,life,2022,15
notice,reasoning,unsupported-conclusion,major,official,life,2023,8
notice,reasoning,unsupported-conclusion,major,official,life,2024,3
notice,reasoning,unsupported-conclusion,major,official,life,2025,3
notice,reasoning,unsupported-conclusion,major,official,physical,1980,1
notice,reasoning,unsupported-conclusion,major,official,physical,1988,1
notice,reasoning,unsupported-conclusion,major,official,physical,1989,1
notice,reasoning,unsupported-conclusion,major,official,physical,1991,1
notice,reasoning,unsupported-conclusion,major,official,physical,1993,1
notice,reasoning,unsupported-conclusion,major,official,physical,1994,2
notice,reasoning,unsupported-conclusion,major,official,physical,1995,1
notice,reasoning,unsupported-conclusion,major,official,physical,1999,1
notice,reasoning,unsupported-conclusion,major,official,physical,2001,3
notice,reasoning,unsupported-conclusion,major,official,physical,2002,1
notice,reasoning,unsupported-conclusion,major,official,physical,2004,3
notice,reasoning,unsupported-conclusion,major,official,physical,2005,4
notice,reasoning,unsupported-conclusion,major,official,physical,2006,6
notice,reasoning,unsupported-conclusion,major,official,physical,2007,4
notice,reasoning,unsupported-conclusion,major,official,physical,2009,11
notice,reasoning,unsupported-conclusion,major,official,physical,2010,10
notice,reasoning,unsupported-conclusion,major,official,physical,2011,8
notice,reasoning,unsupported-conclusion,major,official,physical,2012,17
notice,reasoning,unsupported-conclusion,major,official,physical,2013,12
notice,reasoning,unsupported-conclusion,major,official,physical,2014,27
notice,reasoning,unsupported-conclusion,major,official,physical,2015,14
notice,reasoning,unsupported-conclusion,major,official,physical,2016,29
notice,reasoning,unsupported-conclusion,major,official,physical,2017,42
notice,reasoning,unsupported-conclusion,major,official,physical,2018,48
notice,reasoning,unsupported-conclusion,major,official,physical,2019,39
notice,reasoning,unsupported-conclusion,major,official,physical,2020,54
notice,reasoning,unsupported-conclusion,major,official,physical,2021,31
notice,reasoning,unsupported-conclusion,major,official,physical,2022,21
notice,reasoning,unsupported-conclusion,major,official,physical,2023,15
notice,reasoning,unsupported-conclusion,major,official,physical,2024,12
notice,reasoning,unsupported-conclusion,major,official,physical,2025,4
notice,reasoning,unsupported-conclusion,major,official,social,1955,1
notice,reasoning,unsupported-conclusion,major,official,social,1999,1
notice,reasoning,unsupported-conclusion,major,official,social,2009,2
notice,reasoning,unsupported-conclusion,major,official,social,2010,2
notice,reasoning,unsupported-conclusion,major,official,social,2011,3
notice,reasoning,unsupported-conclusion,major,official,social,2012,1
notice,reasoning,unsupported-conclusion,major,official,social,2013,2
notice,reasoning,unsupported-conclusion,major,official,social,2014,2
notice,reasoning,unsupported-conclusion,major,official,social,2015,27
notice,reasoning,unsupported-conclusion,major,official,social,2016,14
notice,reasoning,unsupported-conclusion,major,official,social,2017,32
notice,reasoning,unsupported-conclusion,major,official,social,2018,8
notice,reasoning,unsupported-conclusion,major,official,social,2019,16
notice,reasoning,unsupported-conclusion,major,official,social,2020,16
notice,reasoning,unsupported-conclusion,major,official,social,2021,1
notice,reasoning,unsupported-conclusion,major,official,social,2022,1
notice,reasoning,unsupported-conclusion,major,official,social,2024,1
notice,reasoning,unsupported-conclusion,major,official,social,2025,2
notice,sources,rests-on-flagged,major,official,health,1993,1
notice,sources,rests-on-flagged,major,official,health,1998,2
notice,sources,rests-on-flagged,major,official,health,1999,2
notice,sources,rests-on-flagged,major,official,health,2000,2
notice,sources,rests-on-flagged,major,official,health,2001,4
notice,sources,rests-on-flagged,major,official,health,2002,5
notice,sources,rests-on-flagged,major,official,health,2003,3
notice,sources,rests-on-flagged,major,official,health,2004,7
notice,sources,rests-on-flagged,major,official,health,2005,2
notice,sources,rests-on-flagged,major,official,health,2006,4
notice,sources,rests-on-flagged,major,official,health,2007,3
notice,sources,rests-on-flagged,major,official,health,2008,7
notice,sources,rests-on-flagged,major,official,health,2009,8
notice,sources,rests-on-flagged,major,official,health,2010,6
notice,sources,rests-on-flagged,major,official,health,2011,6
notice,sources,rests-on-flagged,major,official,health,2012,5
notice,sources,rests-on-flagged,major,official,health,2013,4
notice,sources,rests-on-flagged,major,official,health,2014,9
notice,sources,rests-on-flagged,major,official,health,2015,1
notice,sources,rests-on-flagged,major,official,health,2016,3
notice,sources,rests-on-flagged,major,official,health,2017,1
notice,sources,rests-on-flagged,major,official,health,2018,4
notice,sources,rests-on-flagged,major,official,health,2019,3
notice,sources,rests-on-flagged,major,official,health,2020,6
notice,sources,rests-on-flagged,major,official,health,2021,4
notice,sources,rests-on-flagged,major,official,health,2022,6
notice,sources,rests-on-flagged,major,official,health,2023,3
notice,sources,rests-on-flagged,major,official,health,2024,6
notice,sources,rests-on-flagged,major,official,health,2025,5
notice,sources,rests-on-flagged,major,official,health,2026,1
notice,sources,rests-on-flagged,major,official,life,2004,1
notice,sources,rests-on-flagged,major,official,life,2006,1
notice,sources,rests-on-flagged,major,official,life,2009,3
notice,sources,rests-on-flagged,major,official,life,2010,4
notice,sources,rests-on-flagged,major,official,life,2011,4
notice,sources,rests-on-flagged,major,official,life,2012,1
notice,sources,rests-on-flagged,major,official,life,2013,1
notice,sources,rests-on-flagged,major,official,life,2014,2
notice,sources,rests-on-flagged,major,official,life,2016,2
notice,sources,rests-on-flagged,major,official,life,2017,4
notice,sources,rests-on-flagged,major,official,life,2018,2
notice,sources,rests-on-flagged,major,official,life,2019,5
notice,sources,rests-on-flagged,major,official,life,2020,5
notice,sources,rests-on-flagged,major,official,life,2021,2
notice,sources,rests-on-flagged,major,official,life,2022,2
notice,sources,rests-on-flagged,major,official,life,2023,2
notice,sources,rests-on-flagged,major,official,life,2024,1
notice,sources,rests-on-flagged,major,official,physical,2001,1
notice,sources,rests-on-flagged,major,official,physical,2002,1
notice,sources,rests-on-flagged,major,official,physical,2010,1
notice,sources,rests-on-flagged,major,official,physical,2011,2
notice,sources,rests-on-flagged,major,official,physical,2014,1
notice,sources,rests-on-flagged,major,official,physical,2015,3
notice,sources,rests-on-flagged,major,official,physical,2017,2
notice,sources,rests-on-flagged,major,official,physical,2018,3
notice,sources,rests-on-flagged,major,official,physical,2019,2
notice,sources,rests-on-flagged,major,official,physical,2020,2
notice,sources,rests-on-flagged,major,official,physical,2021,2
notice,sources,rests-on-flagged,major,official,physical,2022,3
notice,sources,rests-on-flagged,major,official,physical,2023,3
notice,sources,rests-on-flagged,major,official,physical,2024,4
notice,sources,rests-on-flagged,major,official,physical,2025,4
notice,sources,rests-on-flagged,major,official,physical,2026,1
notice,sources,rests-on-flagged,major,official,social,2015,1
notice,sources,rests-on-flagged,major,official,social,2019,1
notice,sources,rests-on-flagged,major,official,social,2023,2
notice,sources,rests-on-flagged,major,official,social,2024,2
notice,sources,rests-on-flagged,major,official,social,2025,1
notice,stats,impossible-values,critical,official,health,1978,1
notice,stats,impossible-values,critical,official,health,1979,1
notice,stats,impossible-values,critical,official,health,1980,1
notice,stats,impossible-values,critical,official,health,1981,1
notice,stats,impossible-values,critical,official,health,1983,2
notice,stats,impossible-values,critical,official,health,1986,4
notice,stats,impossible-values,critical,official,health,1987,1
notice,stats,impossible-values,critical,official,health,1988,2
notice,stats,impossible-values,critical,official,health,1989,3
notice,stats,impossible-values,critical,official,health,1990,1
notice,stats,impossible-values,critical,official,health,1991,2
notice,stats,impossible-values,critical,official,health,1992,3
notice,stats,impossible-values,critical,official,health,1993,1
notice,stats,impossible-values,critical,official,health,1994,2
notice,stats,impossible-values,critical,official,health,1995,2
notice,stats,impossible-values,critical,official,health,1996,2
notice,stats,impossible-values,critical,official,health,1997,4
notice,stats,impossible-values,critical,official,health,1998,7
notice,stats,impossible-values,critical,official,health,1999,3
notice,stats,impossible-values,critical,official,health,2000,2
notice,stats,impossible-values,critical,official,health,2001,7
notice,stats,impossible-values,critical,official,health,2002,12
notice,stats,impossible-values,critical,official,health,2003,13
notice,stats,impossible-values,critical,official,health,2004,10
notice,stats,impossible-values,critical,official,health,2005,16
notice,stats,impossible-values,critical,official,health,2006,19
notice,stats,impossible-values,critical,official,health,2007,17
notice,stats,impossible-values,critical,official,health,2008,28
notice,stats,impossible-values,critical,official,health,2009,17
notice,stats,impossible-values,critical,official,health,2010,30
notice,stats,impossible-values,critical,official,health,2011,30
notice,stats,impossible-values,critical,official,health,2012,34
notice,stats,impossible-values,critical,official,health,2013,47
notice,stats,impossible-values,critical,official,health,2014,47
notice,stats,impossible-values,critical,official,health,2015,46
notice,stats,impossible-values,critical,official,health,2016,54
notice,stats,impossible-values,critical,official,health,2017,46
notice,stats,impossible-values,critical,official,health,2018,65
notice,stats,impossible-values,critical,official,health,2019,61
notice,stats,impossible-values,critical,official,health,2020,56
notice,stats,impossible-values,critical,official,health,2021,56
notice,stats,impossible-values,critical,official,health,2022,38
notice,stats,impossible-values,critical,official,health,2023,31
notice,stats,impossible-values,critical,official,health,2024,17
notice,stats,impossible-values,critical,official,health,2025,7
notice,stats,impossible-values,critical,official,health,2026,5
notice,stats,impossible-values,critical,official,life,1963,1
notice,stats,impossible-values,critical,official,life,1982,1
notice,stats,impossible-values,critical,official,life,1983,2
notice,stats,impossible-values,critical,official,life,1984,1
notice,stats,impossible-values,critical,official,life,1989,2
notice,stats,impossible-values,critical,official,life,1990,2
notice,stats,impossible-values,critical,official,life,1991,2
notice,stats,impossible-values,critical,official,life,1994,3
notice,stats,impossible-values,critical,official,life,1995,1
notice,stats,impossible-values,critical,official,life,1996,5
notice,stats,impossible-values,critical,official,life,1997,4
notice,stats,impossible-values,critical,official,life,1998,3
notice,stats,impossible-values,critical,official,life,1999,5
notice,stats,impossible-values,critical,official,life,2000,1
notice,stats,impossible-values,critical,official,life,2001,4
notice,stats,impossible-values,critical,official,life,2002,1
notice,stats,impossible-values,critical,official,life,2003,10
notice,stats,impossible-values,critical,official,life,2004,12
notice,stats,impossible-values,critical,official,life,2005,13
notice,stats,impossible-values,critical,official,life,2006,13
notice,stats,impossible-values,critical,official,life,2007,15
notice,stats,impossible-values,critical,official,life,2008,16
notice,stats,impossible-values,critical,official,life,2009,19
notice,stats,impossible-values,critical,official,life,2010,13
notice,stats,impossible-values,critical,official,life,2011,21
notice,stats,impossible-values,critical,official,life,2012,26
notice,stats,impossible-values,critical,official,life,2013,26
notice,stats,impossible-values,critical,official,life,2014,28
notice,stats,impossible-values,critical,official,life,2015,22
notice,stats,impossible-values,critical,official,life,2016,26
notice,stats,impossible-values,critical,official,life,2017,31
notice,stats,impossible-values,critical,official,life,2018,33
notice,stats,impossible-values,critical,official,life,2019,54
notice,stats,impossible-values,critical,official,life,2020,53
notice,stats,impossible-values,critical,official,life,2021,34
notice,stats,impossible-values,critical,official,life,2022,15
notice,stats,impossible-values,critical,official,life,2023,11
notice,stats,impossible-values,critical,official,life,2024,7
notice,stats,impossible-values,critical,official,life,2025,4
notice,stats,impossible-values,critical,official,physical,1980,1
notice,stats,impossible-values,critical,official,physical,1993,1
notice,stats,impossible-values,critical,official,physical,1994,2
notice,stats,impossible-values,critical,official,physical,1995,1
notice,stats,impossible-values,critical,official,physical,2001,4
notice,stats,impossible-values,critical,official,physical,2002,3
notice,stats,impossible-values,critical,official,physical,2004,3
notice,stats,impossible-values,critical,official,physical,2005,5
notice,stats,impossible-values,critical,official,physical,2006,12
notice,stats,impossible-values,critical,official,physical,2007,76
notice,stats,impossible-values,critical,official,physical,2008,18
notice,stats,impossible-values,critical,official,physical,2009,15
notice,stats,impossible-values,critical,official,physical,2010,11
notice,stats,impossible-values,critical,official,physical,2011,14
notice,stats,impossible-values,critical,official,physical,2012,17
notice,stats,impossible-values,critical,official,physical,2013,12
notice,stats,impossible-values,critical,official,physical,2014,20
notice,stats,impossible-values,critical,official,physical,2015,13
notice,stats,impossible-values,critical,official,physical,2016,26
notice,stats,impossible-values,critical,official,physical,2017,33
notice,stats,impossible-values,critical,official,physical,2018,28
notice,stats,impossible-values,critical,official,physical,2019,31
notice,stats,impossible-values,critical,official,physical,2020,28
notice,stats,impossible-values,critical,official,physical,2021,28
notice,stats,impossible-values,critical,official,physical,2022,26
notice,stats,impossible-values,critical,official,physical,2023,15
notice,stats,impossible-values,critical,official,physical,2024,16
notice,stats,impossible-values,critical,official,physical,2025,3
notice,stats,impossible-values,critical,official,social,1999,1
notice,stats,impossible-values,critical,official,social,2003,1
notice,stats,impossible-values,critical,official,social,2006,1
notice,stats,impossible-values,critical,official,social,2008,1
notice,stats,impossible-values,critical,official,social,2009,6
notice,stats,impossible-values,critical,official,social,2010,2
notice,stats,impossible-values,critical,official,social,2011,3
notice,stats,impossible-values,critical,official,social,2012,6
notice,stats,impossible-values,critical,official,social,2013,3
notice,stats,impossible-values,critical,official,social,2014,4
notice,stats,impossible-values,critical,official,social,2015,6
notice,stats,impossible-values,critical,official,social,2016,5
notice,stats,impossible-values,critical,official,social,2017,5
notice,stats,impossible-values,critical,official,social,2018,5
notice,stats,impossible-values,critical,official,social,2019,8
notice,stats,impossible-values,critical,official,social,2020,7
notice,stats,impossible-values,critical,official,social,2021,1
notice,stats,impossible-values,critical,official,social,2022,4
notice,stats,impossible-values,critical,official,social,2024,2
notice,stats,impossible-values,critical,official,social,2025,2
notice,stats,wrong-analysis,major,official,health,1973,1
notice,stats,wrong-analysis,major,official,health,1977,1
notice,stats,wrong-analysis,major,official,health,1979,2
notice,stats,wrong-analysis,major,official,health,1980,1
notice,stats,wrong-analysis,major,official,health,1982,1
notice,stats,wrong-analysis,major,official,health,1987,2
notice,stats,wrong-analysis,major,official,health,1989,1
notice,stats,wrong-analysis,major,official,health,1992,1
notice,stats,wrong-analysis,major,official,health,1993,1
notice,stats,wrong-analysis,major,official,health,1994,2
notice,stats,wrong-analysis,major,official,health,1995,2
notice,stats,wrong-analysis,major,official,health,1996,1
notice,stats,wrong-analysis,major,official,health,1997,4
notice,stats,wrong-analysis,major,official,health,1998,1
notice,stats,wrong-analysis,major,official,health,1999,2
notice,stats,wrong-analysis,major,official,health,2000,1
notice,stats,wrong-analysis,major,official,health,2001,3
notice,stats,wrong-analysis,major,official,health,2002,3
notice,stats,wrong-analysis,major,official,health,2003,8
notice,stats,wrong-analysis,major,official,health,2004,2
notice,stats,wrong-analysis,major,official,health,2005,6
notice,stats,wrong-analysis,major,official,health,2006,1
notice,stats,wrong-analysis,major,official,health,2007,7
notice,stats,wrong-analysis,major,official,health,2008,7
notice,stats,wrong-analysis,major,official,health,2009,12
notice,stats,wrong-analysis,major,official,health,2010,10
notice,stats,wrong-analysis,major,official,health,2011,14
notice,stats,wrong-analysis,major,official,health,2012,11
notice,stats,wrong-analysis,major,official,health,2013,19
notice,stats,wrong-analysis,major,official,health,2014,24
notice,stats,wrong-analysis,major,official,health,2015,41
notice,stats,wrong-analysis,major,official,health,2016,39
notice,stats,wrong-analysis,major,official,health,2017,40
notice,stats,wrong-analysis,major,official,health,2018,50
notice,stats,wrong-analysis,major,official,health,2019,59
notice,stats,wrong-analysis,major,official,health,2020,46
notice,stats,wrong-analysis,major,official,health,2021,54
notice,stats,wrong-analysis,major,official,health,2022,31
notice,stats,wrong-analysis,major,official,health,2023,27
notice,stats,wrong-analysis,major,official,health,2024,16
notice,stats,wrong-analysis,major,official,health,2025,7
notice,stats,wrong-analysis,major,official,health,2026,2
notice,stats,wrong-analysis,major,official,life,1981,1
notice,stats,wrong-analysis,major,official,life,1982,1
notice,stats,wrong-analysis,major,official,life,1983,2
notice,stats,wrong-analysis,major,official,life,1984,1
notice,stats,wrong-analysis,major,official,life,1990,4
notice,stats,wrong-analysis,major,official,life,1991,2
notice,stats,wrong-analysis,major,official,life,1992,1
notice,stats,wrong-analysis,major,official,life,1993,1
notice,stats,wrong-analysis,major,official,life,1994,2
notice,stats,wrong-analysis,major,official,life,1995,2
notice,stats,wrong-analysis,major,official,life,1996,3
notice,stats,wrong-analysis,major,official,life,1997,1
notice,stats,wrong-analysis,major,official,life,1998,2
notice,stats,wrong-analysis,major,official,life,2000,2
notice,stats,wrong-analysis,major,official,life,2003,3
notice,stats,wrong-analysis,major,official,life,2004,7
notice,stats,wrong-analysis,major,official,life,2005,4
notice,stats,wrong-analysis,major,official,life,2006,4
notice,stats,wrong-analysis,major,official,life,2007,6
notice,stats,wrong-analysis,major,official,life,2008,3
notice,stats,wrong-analysis,major,official,life,2009,10
notice,stats,wrong-analysis,major,official,life,2010,8
notice,stats,wrong-analysis,major,official,life,2011,11
notice,stats,wrong-analysis,major,official,life,2012,16
notice,stats,wrong-analysis,major,official,life,2013,14
notice,stats,wrong-analysis,major,official,life,2014,13
notice,stats,wrong-analysis,major,official,life,2015,20
notice,stats,wrong-analysis,major,official,life,2016,23
notice,stats,wrong-analysis,major,official,life,2017,24
notice,stats,wrong-analysis,major,official,life,2018,32
notice,stats,wrong-analysis,major,official,life,2019,27
notice,stats,wrong-analysis,major,official,life,2020,43
notice,stats,wrong-analysis,major,official,life,2021,24
notice,stats,wrong-analysis,major,official,life,2022,17
notice,stats,wrong-analysis,major,official,life,2023,8
notice,stats,wrong-analysis,major,official,life,2024,3
notice,stats,wrong-analysis,major,official,life,2025,3
notice,stats,wrong-analysis,major,official,physical,1926,1
notice,stats,wrong-analysis,major,official,physical,1988,1
notice,stats,wrong-analysis,major,official,physical,1989,1
notice,stats,wrong-analysis,major,official,physical,1991,1
notice,stats,wrong-analysis,major,official,physical,1993,3
notice,stats,wrong-analysis,major,official,physical,1996,1
notice,stats,wrong-analysis,major,official,physical,1998,1
notice,stats,wrong-analysis,major,official,physical,1999,1
notice,stats,wrong-analysis,major,official,physical,2001,4
notice,stats,wrong-analysis,major,official,physical,2002,4
notice,stats,wrong-analysis,major,official,physical,2004,3
notice,stats,wrong-analysis,major,official,physical,2005,5
notice,stats,wrong-analysis,major,official,physical,2006,3
notice,stats,wrong-analysis,major,official,physical,2007,2
notice,stats,wrong-analysis,major,official,physical,2008,1
notice,stats,wrong-analysis,major,official,physical,2009,4
notice,stats,wrong-analysis,major,official,physical,2010,5
notice,stats,wrong-analysis,major,official,physical,2011,10
notice,stats,wrong-analysis,major,official,physical,2012,15
notice,stats,wrong-analysis,major,official,physical,2013,12
notice,stats,wrong-analysis,major,official,physical,2014,16
notice,stats,wrong-analysis,major,official,physical,2015,13
notice,stats,wrong-analysis,major,official,physical,2016,22
notice,stats,wrong-analysis,major,official,physical,2017,45
notice,stats,wrong-analysis,major,official,physical,2018,40
notice,stats,wrong-analysis,major,official,physical,2019,42
notice,stats,wrong-analysis,major,official,physical,2020,47
notice,stats,wrong-analysis,major,official,physical,2021,45
notice,stats,wrong-analysis,major,official,physical,2022,25
notice,stats,wrong-analysis,major,official,physical,2023,16
notice,stats,wrong-analysis,major,official,physical,2024,12
notice,stats,wrong-analysis,major,official,physical,2025,4
notice,stats,wrong-analysis,major,official,social,1999,1
notice,stats,wrong-analysis,major,official,social,2002,1
notice,stats,wrong-analysis,major,official,social,2004,1
notice,stats,wrong-analysis,major,official,social,2006,1
notice,stats,wrong-analysis,major,official,social,2007,2
notice,stats,wrong-analysis,major,official,social,2008,1
notice,stats,wrong-analysis,major,official,social,2009,3
notice,stats,wrong-analysis,major,official,social,2010,2
notice,stats,wrong-analysis,major,official,social,2011,3
notice,stats,wrong-analysis,major,official,social,2012,2
notice,stats,wrong-analysis,major,official,social,2013,3
notice,stats,wrong-analysis,major,official,social,2014,3
notice,stats,wrong-analysis,major,official,social,2015,6
notice,stats,wrong-analysis,major,official,social,2016,4
notice,stats,wrong-analysis,major,official,social,2017,7
notice,stats,wrong-analysis,major,official,social,2018,9
notice,stats,wrong-analysis,major,official,social,2019,12
notice,stats,wrong-analysis,major,official,social,2020,7
notice,stats,wrong-analysis,major,official,social,2021,3
notice,stats,wrong-analysis,major,official,social,2022,1
notice,stats,wrong-analysis,major,official,social,2024,4
notice,stats,wrong-analysis,major,official,social,2025,2
notice,transparency,data-unavailable,caution,official,health,1987,1
notice,transparency,data-unavailable,caution,official,health,1998,1
notice,transparency,data-unavailable,caution,official,health,1999,1
notice,transparency,data-unavailable,caution,official,health,2000,1
notice,transparency,data-unavailable,caution,official,health,2001,2
notice,transparency,data-unavailable,caution,official,health,2002,2
notice,transparency,data-unavailable,caution,official,health,2003,3
notice,transparency,data-unavailable,caution,official,health,2004,9
notice,transparency,data-unavailable,caution,official,health,2005,6
notice,transparency,data-unavailable,caution,official,health,2006,3
notice,transparency,data-unavailable,caution,official,health,2007,10
notice,transparency,data-unavailable,caution,official,health,2008,14
notice,transparency,data-unavailable,caution,official,health,2009,12
notice,transparency,data-unavailable,caution,official,health,2010,9
notice,transparency,data-unavailable,caution,official,health,2011,18
notice,transparency,data-unavailable,caution,official,health,2012,23
notice,transparency,data-unavailable,caution,official,health,2013,55
notice,transparency,data-unavailable,caution,official,health,2014,44
notice,transparency,data-unavailable,caution,official,health,2015,29
notice,transparency,data-unavailable,caution,official,health,2016,45
notice,transparency,data-unavailable,caution,official,health,2017,80
notice,transparency,data-unavailable,caution,official,health,2018,64
notice,transparency,data-unavailable,caution,official,health,2019,125
notice,transparency,data-unavailable,caution,official,health,2020,122
notice,transparency,data-unavailable,caution,official,health,2021,89
notice,transparency,data-unavailable,caution,official,health,2022,39
notice,transparency,data-unavailable,caution,official,health,2023,27
notice,transparency,data-unavailable,caution,official,health,2024,17
notice,transparency,data-unavailable,caution,official,health,2025,11
notice,transparency,data-unavailable,caution,official,health,2026,1
notice,transparency,data-unavailable,caution,official,life,1997,1
notice,transparency,data-unavailable,caution,official,life,1998,2
notice,transparency,data-unavailable,caution,official,life,2000,3
notice,transparency,data-unavailable,caution,official,life,2001,6
notice,transparency,data-unavailable,caution,official,life,2002,9
notice,transparency,data-unavailable,caution,official,life,2003,12
notice,transparency,data-unavailable,caution,official,life,2004,19
notice,transparency,data-unavailable,caution,official,life,2005,11
notice,transparency,data-unavailable,caution,official,life,2006,20
notice,transparency,data-unavailable,caution,official,life,2007,13
notice,transparency,data-unavailable,caution,official,life,2008,15
notice,transparency,data-unavailable,caution,official,life,2009,27
notice,transparency,data-unavailable,caution,official,life,2010,27
notice,transparency,data-unavailable,caution,official,life,2011,39
notice,transparency,data-unavailable,caution,official,life,2012,20
notice,transparency,data-unavailable,caution,official,life,2013,57
notice,transparency,data-unavailable,caution,official,life,2014,49
notice,transparency,data-unavailable,caution,official,life,2015,49
notice,transparency,data-unavailable,caution,official,life,2016,72
notice,transparency,data-unavailable,caution,official,life,2017,116
notice,transparency,data-unavailable,caution,official,life,2018,150
notice,transparency,data-unavailable,caution,official,life,2019,239
notice,transparency,data-unavailable,caution,official,life,2020,242
notice,transparency,data-unavailable,caution,official,life,2021,123
notice,transparency,data-unavailable,caution,official,life,2022,52
notice,transparency,data-unavailable,caution,official,life,2023,20
notice,transparency,data-unavailable,caution,official,life,2024,11
notice,transparency,data-unavailable,caution,official,life,2025,5
notice,transparency,data-unavailable,caution,official,physical,2011,2
notice,transparency,data-unavailable,caution,official,physical,2012,1
notice,transparency,data-unavailable,caution,official,physical,2013,6
notice,transparency,data-unavailable,caution,official,physical,2014,6
notice,transparency,data-unavailable,caution,official,physical,2015,10
notice,transparency,data-unavailable,caution,official,physical,2016,7
notice,transparency,data-unavailable,caution,official,physical,2017,13
notice,transparency,data-unavailable,caution,official,physical,2018,9
notice,transparency,data-unavailable,caution,official,physical,2019,15
notice,transparency,data-unavailable,caution,official,physical,2020,16
notice,transparency,data-unavailable,caution,official,physical,2021,14
notice,transparency,data-unavailable,caution,official,physical,2022,14
notice,transparency,data-unavailable,caution,official,physical,2023,11
notice,transparency,data-unavailable,caution,official,physical,2024,14
notice,transparency,data-unavailable,caution,official,physical,2025,14
notice,transparency,data-unavailable,caution,official,physical,2026,2
notice,transparency,data-unavailable,caution,official,social,2011,2
notice,transparency,data-unavailable,caution,official,social,2012,1
notice,transparency,data-unavailable,caution,official,social,2013,2
notice,transparency,data-unavailable,caution,official,social,2014,1
notice,transparency,data-unavailable,caution,official,social,2015,1
notice,transparency,data-unavailable,caution,official,social,2016,1
notice,transparency,data-unavailable,caution,official,social,2017,1
notice,transparency,data-unavailable,caution,official,social,2019,1
notice,transparency,data-unavailable,caution,official,social,2020,2
notice,transparency,data-unavailable,caution,official,social,2021,1
notice,transparency,data-unavailable,caution,official,social,2022,3
notice,transparency,data-unavailable,caution,official,social,2023,1
notice,transparency,data-unavailable,caution,official,social,2024,2
notice,transparency,failed-replication,critical,official,health,1966,1
notice,transparency,failed-replication,critical,official,health,1968,1
notice,transparency,failed-replication,critical,official,health,1973,1
notice,transparency,failed-replication,critical,official,health,1976,1
notice,transparency,failed-replication,critical,official,health,1978,1
notice,transparency,failed-replication,critical,official,health,1979,2
notice,transparency,failed-replication,critical,official,health,1981,1
notice,transparency,failed-replication,critical,official,health,1982,1
notice,transparency,failed-replication,critical,official,health,1983,1
notice,transparency,failed-replication,critical,official,health,1986,4
notice,transparency,failed-replication,critical,official,health,1987,1
notice,transparency,failed-replication,critical,official,health,1989,4
notice,transparency,failed-replication,critical,official,health,1990,1
notice,transparency,failed-replication,critical,official,health,1991,3
notice,transparency,failed-replication,critical,official,health,1992,2
notice,transparency,failed-replication,critical,official,health,1993,3
notice,transparency,failed-replication,critical,official,health,1994,2
notice,transparency,failed-replication,critical,official,health,1995,3
notice,transparency,failed-replication,critical,official,health,1996,3
notice,transparency,failed-replication,critical,official,health,1997,2
notice,transparency,failed-replication,critical,official,health,1998,4
notice,transparency,failed-replication,critical,official,health,1999,1
notice,transparency,failed-replication,critical,official,health,2000,2
notice,transparency,failed-replication,critical,official,health,2001,7
notice,transparency,failed-replication,critical,official,health,2002,5
notice,transparency,failed-replication,critical,official,health,2003,9
notice,transparency,failed-replication,critical,official,health,2004,9
notice,transparency,failed-replication,critical,official,health,2005,3
notice,transparency,failed-replication,critical,official,health,2006,6
notice,transparency,failed-replication,critical,official,health,2007,12
notice,transparency,failed-replication,critical,official,health,2008,16
notice,transparency,failed-replication,critical,official,health,2009,8
notice,transparency,failed-replication,critical,official,health,2010,6
notice,transparency,failed-replication,critical,official,health,2011,9
notice,transparency,failed-replication,critical,official,health,2012,12
notice,transparency,failed-replication,critical,official,health,2013,10
notice,transparency,failed-replication,critical,official,health,2014,13
notice,transparency,failed-replication,critical,official,health,2015,9
notice,transparency,failed-replication,critical,official,health,2016,15
notice,transparency,failed-replication,critical,official,health,2017,14
notice,transparency,failed-replication,critical,official,health,2018,17
notice,transparency,failed-replication,critical,official,health,2019,25
notice,transparency,failed-replication,critical,official,health,2020,18
notice,transparency,failed-replication,critical,official,health,2021,16
notice,transparency,failed-replication,critical,official,health,2022,11
notice,transparency,failed-replication,critical,official,health,2023,7
notice,transparency,failed-replication,critical,official,health,2024,7
notice,transparency,failed-replication,critical,official,health,2025,2
notice,transparency,failed-replication,critical,official,life,1959,1
notice,transparency,failed-replication,critical,official,life,1975,4
notice,transparency,failed-replication,critical,official,life,1980,1
notice,transparency,failed-replication,critical,official,life,1981,4
notice,transparency,failed-replication,critical,official,life,1983,1
notice,transparency,failed-replication,critical,official,life,1987,1
notice,transparency,failed-replication,critical,official,life,1988,2
notice,transparency,failed-replication,critical,official,life,1989,3
notice,transparency,failed-replication,critical,official,life,1990,1
notice,transparency,failed-replication,critical,official,life,1991,6
notice,transparency,failed-replication,critical,official,life,1992,3
notice,transparency,failed-replication,critical,official,life,1993,2
notice,transparency,failed-replication,critical,official,life,1994,3
notice,transparency,failed-replication,critical,official,life,1995,1
notice,transparency,failed-replication,critical,official,life,1996,7
notice,transparency,failed-replication,critical,official,life,1997,7
notice,transparency,failed-replication,critical,official,life,1998,2
notice,transparency,failed-replication,critical,official,life,1999,5
notice,transparency,failed-replication,critical,official,life,2000,7
notice,transparency,failed-replication,critical,official,life,2001,4
notice,transparency,failed-replication,critical,official,life,2002,3
notice,transparency,failed-replication,critical,official,life,2003,10
notice,transparency,failed-replication,critical,official,life,2004,4
notice,transparency,failed-replication,critical,official,life,2005,10
notice,transparency,failed-replication,critical,official,life,2006,6
notice,transparency,failed-replication,critical,official,life,2007,8
notice,transparency,failed-replication,critical,official,life,2008,7
notice,transparency,failed-replication,critical,official,life,2009,8
notice,transparency,failed-replication,critical,official,life,2010,10
notice,transparency,failed-replication,critical,official,life,2011,14
notice,transparency,failed-replication,critical,official,life,2012,10
notice,transparency,failed-replication,critical,official,life,2013,10
notice,transparency,failed-replication,critical,official,life,2014,12
notice,transparency,failed-replication,critical,official,life,2015,13
notice,transparency,failed-replication,critical,official,life,2016,23
notice,transparency,failed-replication,critical,official,life,2017,35
notice,transparency,failed-replication,critical,official,life,2018,49
notice,transparency,failed-replication,critical,official,life,2019,68
notice,transparency,failed-replication,critical,official,life,2020,57
notice,transparency,failed-replication,critical,official,life,2021,30
notice,transparency,failed-replication,critical,official,life,2022,5
notice,transparency,failed-replication,critical,official,life,2023,1
notice,transparency,failed-replication,critical,official,life,2024,3
notice,transparency,failed-replication,critical,official,life,2025,2
notice,transparency,failed-replication,critical,official,physical,1999,1
notice,transparency,failed-replication,critical,official,physical,2000,1
notice,transparency,failed-replication,critical,official,physical,2001,2
notice,transparency,failed-replication,critical,official,physical,2002,4
notice,transparency,failed-replication,critical,official,physical,2003,3
notice,transparency,failed-replication,critical,official,physical,2004,2
notice,transparency,failed-replication,critical,official,physical,2005,4
notice,transparency,failed-replication,critical,official,physical,2006,3
notice,transparency,failed-replication,critical,official,physical,2008,3
notice,transparency,failed-replication,critical,official,physical,2009,10
notice,transparency,failed-replication,critical,official,physical,2010,6
notice,transparency,failed-replication,critical,official,physical,2011,1
notice,transparency,failed-replication,critical,official,physical,2012,4
notice,transparency,failed-replication,critical,official,physical,2013,5
notice,transparency,failed-replication,critical,official,physical,2014,9
notice,transparency,failed-replication,critical,official,physical,2015,9
notice,transparency,failed-replication,critical,official,physical,2016,8
notice,transparency,failed-replication,critical,official,physical,2017,14
notice,transparency,failed-replication,critical,official,physical,2018,10
notice,transparency,failed-replication,critical,official,physical,2019,8
notice,transparency,failed-replication,critical,official,physical,2020,7
notice,transparency,failed-replication,critical,official,physical,2021,12
notice,transparency,failed-replication,critical,official,physical,2022,13
notice,transparency,failed-replication,critical,official,physical,2023,5
notice,transparency,failed-replication,critical,official,physical,2024,2
notice,transparency,failed-replication,critical,official,physical,2025,1
notice,transparency,failed-replication,critical,official,social,2008,1
notice,transparency,failed-replication,critical,official,social,2009,1
notice,transparency,failed-replication,critical,official,social,2010,1
notice,transparency,failed-replication,critical,official,social,2011,1
notice,transparency,failed-replication,critical,official,social,2012,2
notice,transparency,failed-replication,critical,official,social,2013,2
notice,transparency,failed-replication,critical,official,social,2014,2
notice,transparency,failed-replication,critical,official,social,2015,1
notice,transparency,failed-replication,critical,official,social,2016,3
notice,transparency,failed-replication,critical,official,social,2017,1
notice,transparency,failed-replication,critical,official,social,2025,1
